Job Number,Borough Name,Count Permits,First Permit Date,Current Date,Age,Permit Expiration Date,Sidewalk Shed/Linear Feet,Construction Material,Current Job Status,BIN Number,Community Board,Latitude Point,Longitude Point,House Number,Street Name,Borough Digit,Block,Lot,Applicant Business Name,ProCert,Source,activity
103648545,Manhattan,0,10/14/2015,3/11/2022,2339,10/15/2022,850,METAL PIPE/WOOD,R,1056676,107,40.802650451660156,-73.96595001220703,218,WEST 109 STREET,1,01880,00013,BILTMORE GENERAL CONTRACT,1,BIS,Construction or Maintenance
103649036,Manhattan,0,3/10/2016,3/11/2022,2191,1/13/2023,1256,METAL PIPE/WOOD,R,1032522,107,40.791358947753906,-73.97097778320312,140,WEST   93 STREET,1,01223,00005,ADAM'S EUROPEAN CONTRACTI,1,BIS,Local Law 11
104212059,Manhattan,0,3/21/2017,3/11/2022,1815,3/16/2022,769,METAL & WOOD,R,1017828,106,40.735321044921875,-73.98709106445312,40,IRVING PLACE,1,00872,00057,ADAM'S EUROPEAN CONTRACTI,1,BIS,Construction or Maintenance
104416464,Manhattan,0,4/27/2006,3/11/2022,5796,5/24/2022,220,Steel/wood,R,1061186,109,40.829368591308594,-73.9400405883789,409,EDGECOMBE AVENUE,1,02054,00062,ROCKLEDGE SCAFFOLD CORP,1,BIS,Local Law 11
110357952,Manhattan,0,10/17/2008,3/11/2022,4892,9/9/2022,90,WOOD AND STEEL,R,1031728,107,40.79148864746094,-73.96526336669922,356,CENTRAL PARK WEST,1,01209,07502,ROCKLEDGE SCAFFOLD CORP,1,BIS,Local Law 11
110426619,Manhattan,0,1/8/2009,3/11/2022,4809,6/21/2022,35,STEEL,R,1083618,104,40.75624084472656,-73.99275207519531,335,WEST   39 STREET,1,00763,00017,ROCKLEDGE SCAFFOLD CORP,1,BIS,Construction or Maintenance
120408834,Manhattan,0,7/9/2010,3/11/2022,4262,3/15/2022,112,WOOD AND STEEL,R,1032166,107,40.78654098510742,-73.97303009033203,114,WEST 86 STREET,1,01216,00039,ROCKLEDGE SCAFFOLD CORP,1,BIS,Local Law 11
120470409,Manhattan,0,9/16/2010,3/11/2022,4193,11/29/2022,65,STEEL/WOOD,R,1017833,105,40.73590087890625,-73.98799133300781,116,EAST 17 STREET,1,00872,00068,ROCKLEDGE SCAFFOLD CORP,1,BIS,Construction or Maintenance
120486633,Manhattan,0,9/29/2010,3/11/2022,4180,3/22/2022,100,WOOD AND STEEL,R,1079685,103,40.72631072998047,-73.9794921875,605,EAST    9 STREET,1,00392,00010,ROCKLEDGE SCAFFOLD CORP,1,BIS,Construction or Maintenance
120526225,Manhattan,0,11/4/2010,3/11/2022,4144,6/14/2022,217,STEEL/WOOD,R,1088498,103,40.720130920410156,-73.98950958251953,138,ALLEN STREET,1,00415,00067,ROCKLEDGE SCAFFOLD CORP,1,BIS,Construction or Maintenance
120725705,Manhattan,0,6/16/2011,3/11/2022,3920,2/8/2023,314,WOOD & STEEL,R,1026319,104,40.758270263671875,-73.99532318115234,443,WEST 40 STREET,1,01050,00006,BS GROUP INC,1,BIS,Construction or Maintenance
120937834,Manhattan,0,2/3/2012,3/11/2022,3688,4/28/2022,85,WOOD & STEEL,R,1009419,102,40.73326110839844,-73.99745178222656,24,WEST 9 STREET,1,00572,00026,S&E BRIDGE & SCAFFOLD LLC,1,BIS,Local Law 11
120953511,Manhattan,0,1/20/2012,3/11/2022,3702,11/12/2022,113,STEEL AND WOOD,R,1027188,107,40.7695198059082,-73.98294830322266,17,WEST 60 STREET,1,01113,00013,SPRING SCAFFOLDING LLC,1,BIS,Construction or Maintenance
120987236,Manhattan,0,3/1/2012,3/11/2022,3661,6/2/2022,77,WOOD & STEEL,R,1083575,104,40.74551010131836,-74.00375366210938,444,WEST   21 STREET,1,00718,00001,ARSENAL SCAFFOLD INC,1,BIS,Construction or Maintenance
121045127,Manhattan,0,4/23/2012,3/11/2022,3608,2/15/2023,339,WOOD/STEEL,R,1079043,101,40.70866012573242,-74.00798034667969,41,MAIDEN LANE,1,00067,00001,CS BRIDGE CORP,1,BIS,Local Law 11
121097945,Manhattan,0,7/19/2012,3/11/2022,3521,1/25/2023,25,WOOD & STEEL,R,1030722,107,40.780818939208984,-73.98220825195312,233,WEST 74 STREET,1,01166,00013,ROCKLEDGE SCAFFOLD CORP,1,BIS,Construction or Maintenance
121146811,Manhattan,0,7/19/2012,3/11/2022,3521,1/25/2023,25,WOOD & STEEL,R,1030723,107,40.78078842163086,-73.98214721679688,231,WEST 74 STREET,1,01166,00014,ROCKLEDGE SCAFFOLD CORP,1,BIS,Construction or Maintenance
121147115,Manhattan,0,7/30/2012,3/11/2022,3510,4/29/2022,235,STEEL/WOOD,R,1054627,111,40.80173110961914,-73.93614959716797,219,EAST  122 STREET,1,01787,00060,ADVANCED CONSTRUCTION EQU,1,BIS,Local Law 11
121226734,Manhattan,0,6/7/2017,3/11/2022,1737,6/23/2022,40,STEEL,R,1090562,101,40.709110260009766,-74.00634765625,128,WILLIAM STREET,1,00077,07501,SAFWAY ATLANTIC  LLC,1,BIS,Construction or Maintenance
121240148,Manhattan,0,8/9/2017,3/11/2022,1674,11/9/2022,270,WOOD & STEEL,R,1016981,105,40.746498107910156,-73.98548126220703,303,   5 AVENUE,1,00861,00001,YARKS NYC INC,1,BIS,Local Law 11
121242182,Manhattan,0,9/14/2017,3/11/2022,1638,8/16/2022,311,WOOD & STEEL,R,1090443,105,40.74658966064453,-73.98889923095703,1205,BROADWAY,1,00831,00068,ROCKLEDGE SCAFFOLD CORP,1,BIS,Construction or Maintenance
121377321,Manhattan,0,9/13/2012,3/11/2022,3465,10/22/2022,40,WOOD / STEEL,R,1059446,110,40.815799713134766,-73.94786834716797,2491,8 AVENUE,1,01959,00001,PLATINUM SERVICES NY LLC,1,BIS,Local Law 11
121441056,Manhattan,0,11/19/2012,3/11/2022,3398,1/6/2023,25,METAL WOOD,R,1050325,108,40.78322982788086,-73.94727325439453,302,EAST 95 STREET,1,01557,00148,CORE SCAFFOLD SYSTEMS INC,1,BIS,Construction or Maintenance
121463335,Manhattan,0,12/17/2012,3/11/2022,3370,7/20/2022,125,WOOD / STEEL,R,1034339,105,40.75672149658203,-73.97931671142578,2,WEST 47 STREET,1,01262,00042,ROCK GROUP NY CORP,1,BIS,Construction or Maintenance
121530566,Manhattan,0,2/12/2013,3/11/2022,3313,7/26/2022,80,WOOD / STEEL,R,1069344,106,40.73474884033203,-73.98367309570312,301,   2 AVENUE,1,00898,07501,PLATINUM SERVICES NY LLC,1,BIS,Local Law 11
121545364,Manhattan,0,2/27/2013,3/11/2022,3298,1/6/2023,170,METAL WOOD,R,1026890,104,40.76860809326172,-73.9858627319336,408,WEST 58 STREET,1,01067,00037,CORE SCAFFOLD SYSTEMS INC,1,BIS,Construction or Maintenance
121755582,Manhattan,0,8/21/2013,3/11/2022,3123,7/8/2022,65,STEEL/WOOD,R,1008799,102,40.72956085205078,-73.99286651611328,736,BROADWAY,1,00545,00022,NEW FORCE CONSTRUCTION CO,1,BIS,Local Law 11
121859293,Manhattan,0,12/9/2013,3/11/2022,3013,5/4/2022,140,WOOD & STEEL,R,1023728,105,40.764949798583984,-73.97756958007812,107,WEST   57 STREET,1,01010,07507,S&E BRIDGE & SCAFFOLD LLC,1,BIS,Local Law 11
121859989,Manhattan,0,12/9/2013,3/11/2022,3013,5/4/2022,146,WOOD & STEEL,R,1023728,105,40.764949798583984,-73.97756958007812,107,WEST   57 STREET,1,01010,07507,S&E BRIDGE & SCAFFOLD LLC,1,BIS,Local Law 11
121987109,Manhattan,0,4/23/2014,3/11/2022,2878,7/20/2022,169,WOOD / STEEL,R,1002353,101,40.71842956542969,-74.0015869140625,78,WALKER STREET,1,00196,00029,ROCK GROUP NY CORP,1,BIS,Local Law 11
122008781,Manhattan,0,6/19/2014,3/11/2022,2821,5/5/2022,522,WOOD & STEEL,R,1079377,107,40.781558990478516,-73.98165893554688,2139,BROADWAY,1,01167,07503,S&E BRIDGE & SCAFFOLD LLC,1,BIS,Local Law 11
122106078,Manhattan,0,8/19/2014,3/11/2022,2760,12/2/2022,42,WOOD / STEEL,R,1055054,110,40.80244064331055,-73.95143127441406,130,WEST 116 STREET,1,01825,00050,PLATINUM SERVICES NY LLC,1,BIS,Construction or Maintenance
122156095,Manhattan,0,12/15/2014,3/11/2022,2642,10/26/2022,113,WOOD & STEEL,R,1004959,103,40.72174072265625,-73.98391723632812,6,AVENUE B,1,00397,00038,YORK SCAFFOLD EQUIPMENT C,1,BIS,Construction or Maintenance
122199236,Manhattan,0,12/9/2014,3/11/2022,2648,3/15/2022,200,WOOD & STEEL,R,1016745,105,40.74188995361328,-73.98580169677734,352,PARK AVENUE SOUTH,1,00855,00016,ROCKLEDGE SCAFFOLD CORP,1,BIS,Local Law 11
122223502,Manhattan,0,1/30/2015,3/11/2022,2596,9/13/2022,585,586 LINEAR FT,R,1036505,105,40.76042938232422,-73.97103881835938,421,PARK AVENUE,1,01310,00001,SAFWAY ATLANTIC  LLC,1,BIS,Local Law 11
122280218,Manhattan,0,3/11/2015,3/11/2022,2556,11/17/2022,38,WOOD AND STEEL,R,1090832,101,40.70909881591797,-74.01277160644531,125,GREENWICH STREET,1,00051,00014,SAFWAY ATLANTIC  LLC,1,BIS,Construction or Maintenance
122479255,Manhattan,0,9/1/2015,3/11/2022,2382,6/23/2022,797,STEEL&PLYWOOD,R,1051513,111,40.79365158081055,-73.95065307617188,1240,5 AVENUE,1,01611,00001,CONSOLIDATED SCAFFOLDING,1,BIS,Local Law 11
122517357,Manhattan,0,9/3/2015,3/11/2022,2380,8/30/2022,115,WOOD/STEEL,R,1063043,112,40.842010498046875,-73.93760681152344,551,WEST 170 STREET,1,02127,00022,COLGATE ENTERPRISE CORP,1,BIS,Local Law 11
122538995,Manhattan,0,12/7/2015,3/11/2022,2285,12/10/2022,39,WOOD & STEEL,R,1008510,102,40.7277717590332,-73.99392700195312,4,GREAT JONES STREET,1,00531,00015,ROCKLEDGE SCAFFOLD CORP,1,BIS,Construction or Maintenance
122541062,Manhattan,0,3/18/2016,3/11/2022,2183,4/7/2022,250,WOOD AND STEEL,R,1082091,112,40.855499267578125,-73.93734741210938,255,CABRINI BOULEVARD,1,02179,07501,RENNON CONSTRUCTION CORP,1,BIS,Local Law 11
122574570,Manhattan,0,1/6/2016,3/11/2022,2255,11/29/2022,77,WOOD & STEEL,R,1015409,105,40.739200592041016,-73.99437713623047,44,WEST 18 STREET,1,00819,00010,ROCKLEDGE SCAFFOLD CORP,1,BIS,Local Law 11
122687690,Manhattan,0,2/22/2016,3/11/2022,2208,2/2/2023,259,WOOD/STEEL,R,1050385,108,40.773681640625,-73.95117950439453,1562,1 AVENUE,1,01561,00001,SOHO CONTRACTING CORP,1,BIS,Local Law 11
122702049,Manhattan,0,3/31/2016,3/11/2022,2170,4/13/2022,215,STEEL,R,1014130,104,40.74430847167969,-73.99688720703125,216,WEST 23 STREET,1,00772,00064,VEMA GROUP LLC,1,BIS,Local Law 11
122736646,Manhattan,0,7/7/2016,3/11/2022,2072,6/25/2022,35,WOOD & STEEL,R,1002909,101,40.723270416259766,-74.00982666015625,450,GREENWICH STREET,1,00223,00029,SKYLINE SCAFFOLDING GROUP,1,BIS,Construction or Maintenance
122887242,Manhattan,0,11/3/2016,3/11/2022,1953,12/27/2022,345,WOOD & STEEL,R,1012284,104,40.746421813964844,-74.00753021240234,536,WEST 20 STREET,1,00691,00001,SAFWAY ATLANTIC  LLC,1,BIS,Construction or Maintenance
123070292,Manhattan,0,4/19/2017,3/11/2022,1786,6/28/2022,240,METAL AND WOOD,R,1007573,102,40.72425842285156,-73.99815368652344,565,BROADWAY,1,00498,00005,PHOENIX SUTTON STR INC,1,BIS,Local Law 11
123070648,Manhattan,0,4/17/2017,3/11/2022,1788,4/13/2022,935,PLYWOOD&STEEL,R,1027125,104,40.765480041503906,-73.99656677246094,640,  12 AVENUE,1,01096,07501,CONSOLIDATED SCAFFOLDING,1,BIS,Construction or Maintenance
123075199,Manhattan,0,4/12/2017,3/11/2022,1793,3/18/2022,44,STEEL/WOOD,R,1087980,104,40.76102828979492,-73.98753356933594,785,   8 AVENUE,1,01038,07501,SPRING SCAFFOLDING LLC,1,BIS,Construction or Maintenance
123292436,Manhattan,0,10/6/2017,3/11/2022,1616,8/4/2022,277,WOOD & STEEL,R,1090479,105,40.74576187133789,-73.9850082397461,15,EAST   30 STREET,1,00860,07505,SAFWAY ATLANTIC  LLC,1,BIS,Construction or Maintenance
123336498,Manhattan,0,9/12/2017,3/11/2022,1640,8/18/2022,96,STEEL/WOOD,R,1084936,106,40.73400115966797,-73.98774719238281,2,IRVING PLACE,1,00870,00024,EAGLE SCAFFOLDING SVCS IN,1,BIS,Local Law 11
140045234,Manhattan,0,2/5/2013,3/11/2022,3320,9/21/2022,390,STEEL/TIMBER,R,1040155,106,40.754638671875,-73.9631118774414,433,EAST 52 STREET,1,01364,00022,WEST NEW YORK RESTORATION,1,BIS,Local Law 11
140075264,Manhattan,0,5/7/2013,3/11/2022,3229,3/4/2023,162,WOOD & STEEL,R,1003795,103,40.714778900146484,-73.99221801757812,54,CANAL STREET,1,00294,00007,ROCKLEDGE SCAFFOLD CORP,1,BIS,Local Law 11
140076922,Manhattan,0,5/7/2013,3/11/2022,3229,3/11/2022,118,STEEL/WOOD,R,1032089,107,40.78538131713867,-73.97625732421875,471,AMSTERDAM AVENUE,1,01213,00062,EVEREST SCAFFOLDING INC,1,BIS,Local Law 11
140111206,Manhattan,0,8/29/2013,3/11/2022,3115,3/11/2022,35,STEEL & WOOD,R,1034095,107,40.79261016845703,-73.97633361816406,313,WEST 91 STREET,1,01251,00048,EVEREST SCAFFOLDING INC,1,BIS,Construction or Maintenance
140113339,Manhattan,0,9/10/2013,3/11/2022,3103,3/18/2022,246,STEEL/WOOD,R,1033975,107,40.790138244628906,-73.97734069824219,571,WEST END AVENUE,1,01249,00036,EMPIRE NY INSTALLATIONS I,1,BIS,Local Law 11
140166086,Manhattan,0,2/26/2014,3/11/2022,2934,9/23/2022,38,STEEL AND WOOD,R,1074156,111,40.79161071777344,-73.95136260986328,22,EAST  103 STREET,1,01608,00058,SPRING SCAFFOLDING LLC,1,BIS,Construction or Maintenance
140166095,Manhattan,0,2/26/2014,3/11/2022,2934,9/23/2022,41,STEEL AND WOOD,R,1051495,111,40.79158020019531,-73.95127868652344,24,EAST 103 STREET,1,01608,00057,SPRING SCAFFOLDING LLC,1,BIS,Construction or Maintenance
140191904,Manhattan,0,4/29/2014,3/11/2022,2872,3/11/2022,150,STEEL/WOOD,R,1017939,106,40.737579345703125,-73.98686981201172,119,EAST 19 STREET,1,00875,00070,EVEREST SCAFFOLDING INC,1,BIS,Local Law 11
140251340,Manhattan,0,9/11/2014,3/11/2022,2737,9/29/2022,148,WOOD/STEEL,R,1029777,107,40.777130126953125,-73.98120880126953,147,WEST   70 STREET,1,01142,00061,ARSENAL SCAFFOLD INC,1,BIS,Local Law 11
140271998,Manhattan,0,10/24/2014,3/11/2022,2694,8/12/2022,112,STEEL/WOOD,R,1043181,108,40.773189544677734,-73.96048736572266,1080,LEXINGTON AVENUE,1,01411,00113,EVEREST SCAFFOLDING INC,1,BIS,Construction or Maintenance
140322158,Manhattan,0,3/24/2015,3/11/2022,2543,7/7/2022,106,STEEL/WOOD,R,1019133,106,40.74911117553711,-73.97805786132812,125,EAST 38 STREET,1,00894,00017,EVEREST SCAFFOLDING INC,1,BIS,Construction or Maintenance
140325734,Manhattan,0,3/31/2015,3/11/2022,2536,12/15/2022,34,WOOD/STEEL,R,1001474,101,40.714778900146484,-74.00872802734375,46,WARREN STREET,1,00136,00007,INTERSYSTEM INSTALLATION,1,BIS,Construction or Maintenance
140332058,Manhattan,0,4/14/2015,3/11/2022,2522,8/4/2022,1065,STEEL/WOOD,R,1080031,112,40.861148834228516,-73.92268371582031,213,NAGLE AVENUE,1,02216,00001,ROMA SCAFFOLDING INC,1,BIS,Local Law 11
140353551,Manhattan,0,6/1/2015,3/11/2022,2474,1/11/2023,424,METAL AND WOOD,R,1087465,109,40.82992935180664,-73.94950866699219,725,RIVERSIDE DRIVE,1,02096,07501,PHOENIX SUTTON STR INC,1,BIS,Local Law 11
140359485,Manhattan,0,6/12/2015,3/11/2022,2463,5/13/2022,530,STEEL AND WOOD,R,1084572,107,40.79140853881836,-73.96903991699219,680,COLUMBUS AVENUE,1,01224,00029,SPRING SCAFFOLDING LLC,1,BIS,Local Law 11
140359706,Manhattan,0,6/11/2015,3/11/2022,2464,3/31/2022,37,STEEL/WOOD,R,1077519,103,40.71321105957031,-73.99696350097656,15,CATHERINE STREET,1,00280,00051,ROCKLEDGE SCAFFOLD CORP,1,BIS,Construction or Maintenance
140372763,Manhattan,0,7/10/2015,3/11/2022,2435,9/1/2022,270,STEEL/ WOOD,R,1031798,107,40.782318115234375,-73.97564697265625,101,WEST 79 STREET,1,01210,07501,COLGATE ENTERPRISE CORP,1,BIS,Local Law 11
140378614,Manhattan,0,8/10/2015,3/11/2022,2404,12/28/2022,173,WOOD / STEEL,R,1053398,110,40.805419921875,-73.94544219970703,22,MOUNT MORRIS PARK WEST,1,01721,00014,PLATINUM SERVICES NY LLC,1,BIS,Local Law 11
140379819,Manhattan,0,7/24/2015,3/11/2022,2421,6/30/2022,180,WOOD/STEEL,R,1036515,106,40.75944900512695,-73.96907043457031,155,EAST 55 ST,1,01310,00027,CEPRINE CONSTRUCTION INC,1,BIS,Local Law 11
140380932,Manhattan,0,7/29/2015,3/11/2022,2416,3/23/2022,75,STEEL/WOOD,R,1014031,104,40.742759704589844,-73.9977798461914,217,WEST 20 STREET,1,00770,00030,TRI BOROUGH SCAFFOLDING.&,1,BIS,Construction or Maintenance
140384803,Manhattan,0,8/5/2015,3/11/2022,2409,11/5/2022,1025,WOOD/STEEL,R,1077607,103,40.71540069580078,-73.98808288574219,210,EAST BROADWAY,1,00311,00013,INTERSYSTEM INSTALLATION,1,BIS,Local Law 11
140387276,Manhattan,0,8/10/2015,3/11/2022,2404,6/30/2022,162,WOOD/STEEL,R,1034818,105,40.76285934448242,-73.97718048095703,57,WEST 55 STREET,1,01271,00007,CEPRINE CONSTRUCTION INC,1,BIS,Local Law 11
140393900,Manhattan,0,8/27/2015,3/11/2022,2387,3/30/2022,475,STEEL/WOOD,R,1001014,101,40.70671844482422,-74.00721740722656,96,MAIDEN LANE,1,00042,00001,TRIERA CONTRACTING INC,1,BIS,Local Law 11
140403819,Manhattan,0,9/21/2015,3/11/2022,2362,8/18/2022,82,STEEL AND WOOD,R,1024743,105,40.75947952270508,-73.98584747314453,224,WEST 47 STREET,1,01018,00044,SPRING SCAFFOLDING LLC,1,BIS,Local Law 11
140410062,Manhattan,0,10/27/2015,3/11/2022,2326,8/13/2022,1180,STEEL/WOOD,R,1000815,101,40.70711898803711,-74.01183319091797,60,BROADWAY,1,00023,07501,UNIVERSAL BUILD SUPP LLC,1,BIS,Local Law 11
140411061,Manhattan,0,11/18/2015,3/11/2022,2304,3/9/2023,550,METAL PIPE/WOOD,R,1081771,107,40.773048400878906,-73.98734283447266,40,AMSTERDAM AVENUE,1,01154,00101,PIZZAROTTI LLC,1,BIS,Local Law 11
140413390,Manhattan,0,11/18/2015,3/11/2022,2304,3/9/2023,550,METAL PIPE/WOOD,R,1082575,107,40.773048400878906,-73.98734283447266,60,AMSTERDAM AVENUE,1,01154,00101,PIZZAROTTI LLC,1,BIS,Local Law 11
140413434,Manhattan,0,10/16/2015,3/11/2022,2337,3/9/2023,550,METAL PIPE/WOOD,R,1082579,107,40.773048400878906,-73.98734283447266,210,WEST   64 STREET,1,01154,00101,PIZZAROTTI LLC,1,BIS,Construction or Maintenance
140419624,Manhattan,0,10/26/2015,3/11/2022,2327,6/7/2022,260,WOOD/STEEL,R,1001267,101,40.710330963134766,-74.00739288330078,129,FULTON STREET,1,00091,00013,COLGATE ENTERPRISE CORP,1,BIS,Construction or Maintenance
140428026,Manhattan,0,11/12/2015,3/11/2022,2310,11/5/2022,76,WOOD/STEEL,R,1082654,103,40.71506118774414,-73.98590087890625,264,EAST BROADWAY,1,00315,00001,INTERSYSTEM INSTALLATION,1,BIS,Local Law 11
140428035,Manhattan,0,11/23/2015,3/11/2022,2299,10/20/2022,55,STEEL & WOOD,R,1013659,104,40.75532913208008,-73.99252319335938,319,WEST 38 STREET,1,00762,00023,DHS FRACO LLC,1,BIS,Construction or Maintenance
140459304,Manhattan,0,2/17/2016,3/11/2022,2213,11/12/2022,134,WOOD/STEEL,R,1060063,110,40.818119049072266,-73.93997192382812,151,WEST 140 STREET,1,02009,00012,COLGATE ENTERPRISE CORP,1,BIS,Local Law 11
140461140,Manhattan,0,2/29/2016,3/11/2022,2201,3/30/2022,37,STEEL/WOOD,R,1056061,107,40.79465103149414,-73.9710464477539,209,WEST 96 STREET,1,01868,00024,TRIERA CONTRACTING INC,1,BIS,Construction or Maintenance
140462416,Manhattan,0,2/25/2016,3/11/2022,2205,3/4/2023,222,STEEL/WOOD,R,1032651,107,40.78504943847656,-73.9802474975586,420,WEST END AVENUE,1,01228,00001,CORE SCAFFOLD SYSTEMS INC,1,BIS,Local Law 11
140468090,Manhattan,0,3/10/2016,3/11/2022,2191,7/23/2022,60,METAL AND WOOD,R,1082288,104,40.7665901184082,-73.99323272705078,556,WEST   52 STREET,1,01080,00103,PHOENIX SUTTON STR INC,1,BIS,Construction or Maintenance
140487738,Manhattan,0,4/27/2016,3/11/2022,2143,7/26/2022,141,METAL AND WOOD,R,1053959,111,40.801700592041016,-73.94322967529297,50,EAST 119 STREET,1,01745,00050,PHOENIX SUTTON STR INC,1,BIS,Construction or Maintenance
140490207,Manhattan,0,5/3/2016,3/11/2022,2137,10/26/2022,169,STEEL/WOOD,R,1000842,101,40.7045783996582,-74.01026916503906,9,SOUTH WILLIAM STREET,1,00029,00043,ANDAMIO SCAFFOLDING LLC,1,BIS,Local Law 11
140492107,Manhattan,0,5/20/2016,3/11/2022,2120,8/4/2022,256,STEEL/WOOD,R,1080032,112,40.861148834228516,-73.92268371582031,3754,  10 AVENUE,1,02216,00001,ROMA SCAFFOLDING INC,1,BIS,Local Law 11
140498094,Manhattan,0,5/23/2016,3/11/2022,2117,3/4/2023,226,WOOD & STEEL,R,1088815,101,40.707218170166016,-74.00631713867188,215,PEARL STREET,1,00069,00001,ROCKLEDGE SCAFFOLD CORP,1,BIS,Construction or Maintenance
140501703,Manhattan,0,5/27/2016,3/11/2022,2113,7/23/2022,131,STEEL/WOOD,R,1011919,102,40.736358642578125,-74.00615692138672,581,HUDSON STREET,1,00634,00060,EVEREST SCAFFOLDING INC,1,BIS,Construction or Maintenance
140506600,Manhattan,0,6/13/2016,3/11/2022,2096,3/4/2023,185,STEEL/WOOD,R,1085096,105,40.75733184814453,-73.9885025024414,250,WEST 43 STREET,1,01014,00055,CORE SCAFFOLD SYSTEMS INC,1,BIS,Construction or Maintenance
140508993,Manhattan,0,6/15/2016,3/11/2022,2094,11/5/2022,36,STEEL/WOOD,R,1077605,103,40.71540069580078,-73.98808288574219,385,GRAND STREET,1,00311,00013,INTERSYSTEM INSTALLATION,1,BIS,Local Law 11
140521727,Manhattan,0,7/19/2016,3/11/2022,2060,4/8/2022,140,STEEL/WOOD,R,1012851,104,40.75336837768555,-73.99755859375,409,WEST 33 STREET,1,00731,00054,PROFESSIONAL LINE CORP,1,BIS,Construction or Maintenance
140528329,Manhattan,0,8/3/2016,3/11/2022,2045,9/1/2022,256,STEEL/WOOD,R,1023388,105,40.763851165771484,-73.98076629638672,849,7 AVENUE,1,01007,00061,EMPIRE NY INSTALLATIONS I,1,BIS,Local Law 11
140535909,Manhattan,0,8/19/2016,3/11/2022,2029,11/30/2022,301,STEEL/WOOD,R,1061777,109,40.823909759521484,-73.9517822265625,561,WEST 141 STREET,1,02073,00001,INTERSYSTEM INSTALLATION,1,BIS,Local Law 11
140562807,Manhattan,0,10/14/2016,3/11/2022,1973,10/22/2022,85,STEEL/WOOD,R,1008117,102,40.727481842041016,-74.005126953125,180,VARICK STREET,1,00519,00070,INTERSYSTEM INSTALLATION,1,BIS,Local Law 11
140565403,Manhattan,0,10/25/2016,3/11/2022,1962,9/21/2022,263,METAL AND WOOD,R,1039660,106,40.754859924316406,-73.96588897705078,931,   1 AVENUE,1,01344,07502,PHOENIX SUTTON STR INC,1,BIS,Local Law 11
140566821,Manhattan,0,10/25/2016,3/11/2022,1962,1/13/2023,32,STEEL/WOOD,R,1030025,107,40.77888107299805,-73.97879791259766,120,WEST 74 STREET,1,01145,00041,CORE SCAFFOLD SYSTEMS INC,1,BIS,Construction or Maintenance
140567376,Manhattan,0,10/28/2016,3/11/2022,1959,11/1/2022,270,WOOD/STEEL,R,1041797,108,40.77437973022461,-73.9629898071289,35,EAST 76 STREET,1,01391,00021,CS BRIDGE CORP,1,BIS,Local Law 11
140570683,Manhattan,0,11/7/2016,3/11/2022,1949,9/21/2022,1442,STEEL & TIMBER,R,1040155,106,40.754638671875,-73.9631118774414,433,EAST 52 STREET,1,01364,00022,WEST NEW YORK RESTORATION,1,BIS,Local Law 11
140571021,Manhattan,0,11/15/2016,3/11/2022,1941,3/4/2023,257,STEEL/WOOD,R,1076192,105,40.759578704833984,-73.98628234863281,228,WEST   47 STREET,1,01018,00018,VEMAGROUP LLC,1,BIS,Local Law 11
140585061,Manhattan,0,12/15/2016,3/11/2022,1911,9/23/2022,76,STEEL AND WOOD,R,1019658,106,40.737918853759766,-73.9817123413086,240,EAST 23 STREET,1,00903,00039,SPRING SCAFFOLDING LLC,1,BIS,Construction or Maintenance
140591321,Manhattan,0,1/23/2017,3/11/2022,1872,3/1/2023,158,WOOD / STEEL,R,1033304,107,40.79037094116211,-73.97599792480469,264,WEST 89 STREET,1,01236,00058,PLATINUM SERVICES NY LLC,1,BIS,Local Law 11
140593702,Manhattan,0,1/18/2017,3/11/2022,1877,11/30/2022,172,STEEL/WOOD,R,1028243,107,40.773338317871094,-73.97844696044922,71,CENTRAL PARK WEST,1,01120,00029,COLGATE ENTERPRISE CORP,1,BIS,Local Law 11
140596371,Manhattan,0,1/23/2017,3/11/2022,1872,10/27/2022,592,WOOD & STEEL,R,1000849,101,40.704689025878906,-74.01123809814453,61,BROAD STREET,1,00029,00070,ROCKLEDGE SCAFFOLD CORP,1,BIS,Local Law 11
140597478,Manhattan,0,1/24/2017,3/11/2022,1871,3/4/2023,110,STEEL/WOOD,R,1019481,106,40.749420166015625,-73.97657012939453,141,EAST 39 STREET,1,00895,00034,VEMAGROUP LLC,1,BIS,Local Law 11
140600179,Manhattan,0,2/1/2017,3/11/2022,1863,3/11/2022,200,STEEL/WOOD,R,1087537,105,40.74650955200195,-73.98107147216797,3,PARK AVENUE,1,00889,07501,EVEREST SCAFFOLDING INC,1,BIS,Local Law 11
140603381,Manhattan,0,2/8/2017,3/11/2022,1856,11/12/2022,1304,STEEL AND WOOD,R,1027472,107,40.77151107788086,-73.98140716552734,1,LINCOLN PLAZA,1,01116,07501,SPRING SCAFFOLDING LLC,1,BIS,Local Law 11
140604335,Manhattan,0,2/13/2017,3/11/2022,1851,3/1/2023,250,WOOD / STEEL,R,1056604,107,40.80060958862305,-73.96891021728516,908,WEST END AVENUE,1,01876,00061,PLATINUM SERVICES NY LLC,1,BIS,Local Law 11
140612200,Manhattan,0,3/9/2017,3/11/2022,1827,7/1/2022,255,METAL AND WOOD,R,1019161,106,40.74943923950195,-73.97785186767578,128,EAST 39 STREET,1,00894,00071,PHOENIX SUTTON STR INC,1,BIS,Local Law 11
140612996,Manhattan,0,3/7/2017,3/11/2022,1829,1/6/2023,40,STEEL/WOOD,R,1056068,107,40.795230865478516,-73.97206115722656,275,WEST 96 STREET,1,01868,07501,CORE SCAFFOLD SYSTEMS INC,1,BIS,Local Law 11
140613138,Manhattan,0,3/8/2017,3/11/2022,1828,3/11/2022,232,STEEL/WOOD,R,1008629,102,40.728309631347656,-73.99492645263672,683,BROADWAY,1,00535,07501,EVEREST SCAFFOLDING INC,1,BIS,Local Law 11
140613986,Manhattan,0,3/9/2017,3/11/2022,1827,3/4/2023,97,WOOD & STEEL,R,1063415,112,40.84375,-73.9417495727539,251,FT WASHINGTON AVENUE,1,02139,00181,ROCKLEDGE SCAFFOLD CORP,1,BIS,Local Law 11
140614823,Manhattan,0,3/24/2017,3/11/2022,1812,8/2/2022,90,STEEL& WOOD,R,1050342,108,40.783870697021484,-73.94695281982422,1850,2 AVENUE,1,01558,00050,TRIERA CONTRACTING INC,1,BIS,Local Law 11
140619427,Manhattan,0,4/10/2017,3/11/2022,1795,11/16/2022,24,STEEL/WOOD,R,1044200,108,40.76087951660156,-73.96218872070312,330,EAST   61 STREET,1,01435,00016,TRI BOROUGH SCAFFOLDING.&,1,BIS,Construction or Maintenance
140620139,Manhattan,0,3/29/2017,3/11/2022,1807,6/24/2022,194,WOOD / STEEL,R,1059296,109,40.81074142456055,-73.9534683227539,362,WEST 125 STREET,1,01951,07501,ROCK GROUP NY CORP,1,BIS,Construction or Maintenance
140621174,Manhattan,0,4/6/2017,3/11/2022,1799,3/11/2022,99,STEEL/WOOD,R,1002017,101,40.71892166137695,-74.00731658935547,139,FRANKLIN STREET,1,00179,00066,EVEREST SCAFFOLDING INC,1,BIS,Local Law 11
140621183,Manhattan,0,3/27/2017,3/11/2022,1809,11/16/2022,207,STEEL/WOOD,R,1028789,107,40.77967071533203,-73.97673797607422,331,COLUMBUS AVENUE,1,01128,00061,TRI BOROUGH SCAFFOLDING.&,1,BIS,Local Law 11
140623289,Manhattan,0,4/3/2017,3/11/2022,1802,9/16/2022,34,STEEL/WOOD,R,1029903,107,40.77825927734375,-73.98152160644531,174,WEST 72 STREET,1,01143,00063,ROCKLEDGE SCAFFOLD CORP,1,BIS,Construction or Maintenance
140624554,Manhattan,0,4/3/2017,3/11/2022,1802,4/8/2022,84,STEEL/WOOD,R,1006754,103,40.729251861572266,-73.98860168457031,19,ST MARKS PLACE,1,00464,00048,SKYLINE SCAFFOLDING GROUP,1,BIS,Local Law 11
140626909,Manhattan,0,4/10/2017,3/11/2022,1795,10/26/2022,330,STEEL/WOOD,R,1082653,103,40.71506118774414,-73.98590087890625,415,GRAND STREET,1,00315,00001,INTERSYSTEM INSTALLATION,1,BIS,Local Law 11
140627506,Manhattan,0,4/21/2017,3/11/2022,1784,6/9/2022,852,WOOD AND STEEL,R,1001831,101,40.71567153930664,-74.00234985351562,119,WORTH STREET,1,00168,00032,AAA WINDOWS & DOORS CORP,1,BIS,Local Law 11
140628131,Manhattan,0,4/12/2017,3/11/2022,1793,3/22/2022,110,STEEL/WOOD,R,1044200,108,40.76087951660156,-73.96218872070312,330,EAST   61 STREET,1,01435,00016,SKYLINE SCAFFOLDING GROUP,1,BIS,Construction or Maintenance
140629862,Manhattan,0,4/14/2017,3/11/2022,1791,1/14/2023,146,WOOD & STEEL,R,1001910,101,40.71712875366211,-74.00431060791016,349,BROADWAY,1,00174,00037,ROCKLEDGE SCAFFOLD CORP,1,BIS,Local Law 11
140633679,Manhattan,0,4/25/2017,3/11/2022,1780,3/23/2022,140,STEEL/WOOD,R,1087350,103,40.72200012207031,-73.97821044921875,734,EAST    5 STREET,1,00374,00025,JERRICK ASSOCIATES INC,1,BIS,Local Law 11
140638139,Manhattan,0,6/6/2017,3/11/2022,1738,7/20/2022,63,WOOD/STEEL,R,1001904,101,40.717628479003906,-74.00435638427734,71,FRANKLIN STREET,1,00174,00028,ROCK GROUP NY CORP,1,BIS,Construction or Maintenance
140639361,Manhattan,0,5/22/2017,3/11/2022,1753,7/20/2022,909,WOOD/STEEL,R,1083796,104,40.763389587402344,-73.99555969238281,628,  11 AVENUE,1,01075,00001,ROCK GROUP NY CORP,1,BIS,Local Law 11
140646399,Manhattan,0,6/8/2017,3/11/2022,1736,6/9/2022,390,WOOD AND STEEL,R,1001672,101,40.714019775390625,-74.00390625,2,LAFAYETTE STREET,1,00155,00001,AAA WINDOWS & DOORS CORP,1,BIS,Local Law 11
140646406,Manhattan,0,6/8/2017,3/11/2022,1736,6/9/2022,305,WOOD AND STEEL,R,1078613,101,40.71438980102539,-74.0047836303711,22,READE STREET,1,00154,00023,AAA WINDOWS & DOORS CORP,1,BIS,Construction or Maintenance
140651578,Manhattan,0,6/6/2017,3/11/2022,1738,7/23/2022,42,STEEL/WOOD,R,1016147,105,40.73781967163086,-73.9897689819336,874,BROADWAY,1,00847,00024,EVEREST SCAFFOLDING INC,1,BIS,Local Law 11
140654520,Manhattan,0,6/13/2017,3/11/2022,1731,4/23/2022,93,WOOD/STEEL,R,1062085,109,40.828609466552734,-73.94715118408203,537,WEST 149 STREET,1,02081,00014,CS BRIDGE CORP,1,BIS,Local Law 11
140656378,Manhattan,0,6/15/2017,3/11/2022,1729,6/11/2022,100,WOOD/STEEL,R,1014802,104,40.742698669433594,-73.99353790283203,106,WEST   23 STREET,1,00798,00041,ARSENAL SCAFFOLD INC,1,BIS,Construction or Maintenance
140672065,Manhattan,0,7/25/2017,3/11/2022,1689,8/18/2022,252,STEEL AND WOOD,R,1031993,107,40.783748626708984,-73.97625732421875,140,WEST 81 STREET,1,01211,00050,SPRING SCAFFOLDING LLC,1,BIS,Construction or Maintenance
140673769,Manhattan,0,7/27/2017,3/11/2022,1687,6/3/2022,190,STEEL/WOOD,R,1080576,104,40.74020004272461,-73.9980697631836,113,   7 AVENUE,1,00792,00070,CORE SCAFFOLD SYSTEMS INC,1,BIS,Local Law 11
140683794,Manhattan,0,8/18/2017,3/11/2022,1665,7/7/2022,35,STEEL/WOOD,R,1059705,109,40.8143196105957,-73.95623016357422,508,WEST 126 STREET,1,01982,00033,CORE SCAFFOLD SYSTEMS INC,1,BIS,Construction or Maintenance
140687861,Manhattan,0,8/31/2017,3/11/2022,1652,8/26/2022,305,STEEL/WOOD,R,1024813,105,40.76253890991211,-73.98551940917969,834,8 AVENUE,1,01022,00061,TRI BOROUGH SCAFFOLDING.&,1,BIS,Local Law 11
140691302,Manhattan,0,9/12/2017,3/11/2022,1640,4/21/2022,30,STEEL/WOOD,R,1019489,106,40.74998092651367,-73.9774398803711,344,LEXINGTON AVENUE,1,00895,00074,ARSENAL SCAFFOLD INC,1,BIS,Construction or Maintenance
140699796,Manhattan,0,9/27/2017,3/11/2022,1625,12/2/2022,30,WOOD & STEEL,R,1015000,104,40.745540618896484,-73.9941635131836,275,7 AVENUE,1,00801,00001,YORK SCAFFOLD EQUIPMENT C,1,BIS,Local Law 11
140703969,Manhattan,0,10/10/2017,3/11/2022,1612,1/26/2023,1100,STEEL/WOOD,R,1004617,103,40.72222900390625,-73.98103332519531,239,EAST 3 STREET,1,00386,00033,SKYWORX CONTRACTING INC,1,BIS,Local Law 11
140706430,Manhattan,0,10/17/2017,3/11/2022,1605,6/21/2022,62,WOOD & STEEL,R,1008494,102,40.726280212402344,-73.99286651611328,42,BOND STREET,1,00530,00046,ROCKLEDGE SCAFFOLD CORP,1,BIS,Local Law 11
140707199,Manhattan,0,10/27/2017,3/11/2022,1595,11/22/2022,447,STEEL/WOOD,R,1076742,112,40.83330154418945,-73.94212341308594,501,WEST  157 STREET,1,02116,00033,ROMA SCAFFOLDING INC,1,BIS,Local Law 11
140707251,Manhattan,0,10/20/2017,3/11/2022,1602,11/5/2022,191,STEEL/WOOD,R,1079350,107,40.797279357910156,-73.96576690673828,830,COLUMBUS AVENUE,1,01855,00001,ROMA SCAFFOLDING INC,1,BIS,Local Law 11
140707288,Manhattan,0,10/20/2017,3/11/2022,1602,10/28/2022,175,STEEL/WOOD,R,1079388,107,40.797279357910156,-73.96576690673828,870,COLUMBUS AVENUE,1,01855,00001,ROMA SCAFFOLDING INC,1,BIS,Local Law 11
140707304,Manhattan,0,10/20/2017,3/11/2022,1602,11/22/2022,312,STEEL/WOOD,R,1058378,110,40.80411148071289,-73.9532470703125,131,ST NICHOLAS AVENUE,1,01922,00041,ROMA SCAFFOLDING INC,1,BIS,Local Law 11
201200618,Bronx,0,6/30/2017,3/11/2022,1714,10/28/2022,1079,METAL & WOOD,R,2062883,212,40.892189025878906,-73.8619384765625,4125,CARPENTER AVENUE,2,04823,00001,LO SARDO GENERAL CONTRACT,1,BIS,Construction or Maintenance
201201207,Bronx,0,9/5/2017,3/11/2022,1647,9/7/2022,1351,METAL & WOOD,R,2009463,203,40.835941314697266,-73.90498352050781,450,ST PAULS PLACE,2,02902,00001,ROMA SCAFFOLDING INC,1,BIS,Construction or Maintenance
201201500,Bronx,0,10/11/2017,3/11/2022,1611,10/19/2022,1299,METAL & WOOD,R,2004526,203,40.827571868896484,-73.90379333496094,597,EAST  166 STREET,2,02634,00001,WHITESTONE CONSTRUCTION C,1,BIS,Local Law 11
220149391,Bronx,0,11/10/2011,3/11/2022,3773,10/21/2022,250,WOOD & STEEL,R,2003987,201,40.80104064941406,-73.9110336303711,131,WALNUT AVENUE,2,02586,00026,PLATINUM SERVICES NY LLC,1,BIS,Construction or Maintenance
220232013,Bronx,0,10/12/2012,3/11/2022,3436,8/20/2022,192,STEEL/WOOD,R,2001087,201,40.817020416259766,-73.92920684814453,135,EAST 144 STREET,2,02350,00016,EVEREST SCAFFOLDING INC,1,BIS,Construction or Maintenance
220240512,Bronx,0,11/22/2013,3/11/2022,3030,6/7/2022,565,WOOD & STEEL,R,2093926,204,40.8236198425293,-73.92031860351562,773,CONCOURSE VILLAGE EAST,2,02443,00170,ROCKLEDGE SCAFFOLD CORP,1,BIS,Local Law 11
220334154,Bronx,0,11/22/2013,3/11/2022,3030,6/7/2022,565,WOOD & STEEL,R,2116939,204,40.8236198425293,-73.92031860351562,779,CONCOURSE VILLAGE EAST,2,02443,00170,ROCKLEDGE SCAFFOLD CORP,1,BIS,Local Law 11
220340940,Bronx,0,11/22/2013,3/11/2022,3030,6/7/2022,578,WOOD & STEEL,R,2101571,204,40.8243408203125,-73.9226303100586,790,CONCOURSE VILLAGE WEST,2,02443,09080,ROCKLEDGE SCAFFOLD CORP,1,BIS,Local Law 11
220342350,Bronx,0,11/22/2013,3/11/2022,3030,6/7/2022,582,WOOD & STEEL,R,2002455,204,40.82392120361328,-73.92288208007812,780,CONCOURSE VILLAGE WEST,2,02443,09080,ROCKLEDGE SCAFFOLD CORP,1,BIS,Construction or Maintenance
220342369,Bronx,0,11/22/2013,3/11/2022,3030,6/7/2022,564,WOOD & STEEL,R,2101572,204,40.8243408203125,-73.9226303100586,790 AIR,CONCOURSE VILLAGE WEST,2,02443,09080,ROCKLEDGE SCAFFOLD CORP,1,BIS,Local Law 11
220391154,Bronx,0,6/24/2014,3/11/2022,2816,8/26/2022,100,WOOD / STEEL,R,2016878,207,40.86880111694336,-73.88912963867188,260,EAST 198 STREET,2,03295,00043,ROCK GROUP NY CORP,1,BIS,Construction or Maintenance
220479220,Bronx,0,9/18/2015,3/11/2022,2365,6/29/2022,210,STEEL,R,2096414,204,40.83872985839844,-73.92386627197266,1252,NELSON AVENUE,2,02517,00001,CONSOLIDATED SCAFFOLDING,1,BIS,Construction or Maintenance
240083930,Bronx,0,12/15/2014,3/11/2022,2642,1/14/2023,1051,WOOD/STEEL,R,2015473,208,40.884368896484375,-73.89067840576172,80,VAN CORTLANDT PARK SOUTH,2,03252,00209,CEPRINE CONSTRUCTION INC,1,BIS,Local Law 11
240086438,Bronx,0,1/8/2015,3/11/2022,2618,9/21/2022,375,STEEL AND WOOD,R,2004029,201,40.80051040649414,-73.90986633300781,880,EAST 135 STREET,2,02594,00005,SPRING SCAFFOLDING LLC,1,BIS,Construction or Maintenance
240087044,Bronx,0,1/15/2015,3/11/2022,2611,8/20/2022,136,METAL WOOD,R,2017916,207,40.871761322021484,-73.87882232666016,3070,HULL AVENUE,2,03332,00021,PHOENIX SUTTON STR INC,1,BIS,Construction or Maintenance
240104917,Bronx,0,7/1/2015,3/11/2022,2444,6/28/2022,106,STEEL/WOOD,R,2013009,206,40.84796905517578,-73.88358306884766,2157,SOUTHERN BOULEVARD,2,03111,00065,EVEREST SCAFFOLDING INC,1,BIS,Construction or Maintenance
240109191,Bronx,0,8/11/2015,3/11/2022,2403,8/10/2022,230,WOOD/STEEL,R,2124702,211,40.85546112060547,-73.84661102294922,2021,EASTCHESTER ROAD,2,04205,00001,CEPRINE CONSTRUCTION INC,1,BIS,Construction or Maintenance
240109208,Bronx,0,8/17/2015,3/11/2022,2397,8/10/2022,143,WOOD/STEEL,R,2097551,211,40.85546112060547,-73.84661102294922,1900,SEMINOLE AVENUE,2,04205,00001,CEPRINE CONSTRUCTION INC,1,BIS,Local Law 11
240109324,Bronx,0,8/17/2015,3/11/2022,2397,8/17/2022,215,WOOD/STEEL,R,2097550,211,40.85546112060547,-73.84661102294922,1340,PELHAM PARKWAY SOUTH,2,04205,00001,CEPRINE CONSTRUCTION INC,1,BIS,Local Law 11
240110456,Bronx,0,8/19/2015,3/11/2022,2395,12/15/2022,157,WOOD/STEEL,R,2109355,208,40.88467025756836,-73.91188049316406,3223,NETHERLAND AVENUE,2,05788,07501,INTERSYSTEM INSTALLATION,1,BIS,Local Law 11
240113505,Bronx,0,9/16/2015,3/11/2022,2367,4/16/2022,92,WOOD/STEEL,R,2109600,203,40.83293151855469,-73.89119720458984,1418,MINFORD PLACE,2,02977,00080,CS BRIDGE CORP,1,BIS,Local Law 11
240113710,Bronx,0,9/15/2015,3/11/2022,2368,9/17/2022,892,STEEL/WOOD,R,2091972,203,40.825721740722656,-73.90335845947266,750,EAST  166 STREET,2,02640,00001,ROMA SCAFFOLDING INC,1,BIS,Local Law 11
240114149,Bronx,0,9/21/2015,3/11/2022,2362,5/17/2022,1295,STEEL/WOOD,R,2083678,208,40.88447189331055,-73.90650177001953,3409,IRWIN AVENUE,2,05759,00573,METRO CONTRACTING NY  INC,1,BIS,Local Law 11
240121131,Bronx,0,10/30/2015,3/11/2022,2323,3/19/2022,122,STEEL/WOOD,R,2007859,204,40.84349060058594,-73.9110107421875,1650,GRAND CONCOURSE,2,02823,00001,TRIERA CONTRACTING INC,1,BIS,Local Law 11
240127732,Bronx,0,12/29/2015,3/11/2022,2263,7/9/2022,270,STEEL/WOOD,R,2002985,204,40.82661056518555,-73.92581939697266,831,GERARD AVENUE,2,02483,00059,EMPIRE NY INSTALLATIONS I,1,BIS,Local Law 11
240133084,Bronx,0,2/24/2016,3/11/2022,2206,9/14/2022,296,STEEL/WOOD,R,2010481,203,40.83052062988281,-73.89277648925781,1312,INTERVALE AVENUE,2,02976,00001,COLGATE ENTERPRISE CORP,1,BIS,Construction or Maintenance
240141921,Bronx,0,5/17/2016,3/11/2022,2123,6/15/2022,430,WOOD/STEEL,R,2004795,201,40.81929016113281,-73.9029769897461,801,WESTCHESTER AVENUE,2,02666,00041,COLGATE ENTERPRISE CORP,1,BIS,Construction or Maintenance
240143082,Bronx,0,6/8/2016,3/11/2022,2101,8/4/2022,256,STEEL/WOOD,R,2093408,211,40.86201095581055,-73.85993957519531,930,MACE AVENUE,2,04444,00001,ROMA SCAFFOLDING INC,1,BIS,Local Law 11
240143108,Bronx,0,6/8/2016,3/11/2022,2101,8/4/2022,256,STEEL/WOOD,R,2093417,211,40.86201095581055,-73.85993957519531,935,WARING AVENUE,2,04444,00001,ROMA SCAFFOLDING INC,1,BIS,Local Law 11
240143117,Bronx,0,6/8/2016,3/11/2022,2101,8/4/2022,256,STEEL/WOOD,R,2093380,211,40.860408782958984,-73.8581314086914,2384,PAULDING AVENUE,2,04363,00001,ROMA SCAFFOLDING INC,1,BIS,Local Law 11
240144287,Bronx,0,6/7/2016,3/11/2022,2102,9/21/2022,30,STEEL/WOOD,R,2128906,203,40.827110290527344,-73.89154815673828,1122,SOUTHERN BOULEVARD,2,02745,00002,TRI BOROUGH SCAFFOLDING.&,1,BIS,Construction or Maintenance
240145106,Bronx,0,6/28/2016,3/11/2022,2081,8/4/2022,256,STEEL/WOOD,R,2092101,203,40.834388732910156,-73.90585327148438,1373,WASHINGTON AVENUE,2,02901,00001,ROMA SCAFFOLDING INC,1,BIS,Local Law 11
240145115,Bronx,0,6/28/2016,3/11/2022,2081,8/4/2022,256,STEEL/WOOD,R,2092100,203,40.834388732910156,-73.90585327148438,1357,WASHINGTON AVENUE,2,02901,00001,ROMA SCAFFOLDING INC,1,BIS,Local Law 11
240145124,Bronx,0,6/28/2016,3/11/2022,2081,8/4/2022,256,STEEL/WOOD,R,2092099,203,40.834388732910156,-73.90585327148438,1343,WASHINGTON AVENUE,2,02901,00001,ROMA SCAFFOLDING INC,1,BIS,Local Law 11
240145133,Bronx,0,6/28/2016,3/11/2022,2081,8/20/2022,256,STEEL/WOOD,R,2092098,203,40.834388732910156,-73.90585327148438,1309,WASHINGTON AVENUE,2,02901,00001,ROMA SCAFFOLDING INC,1,BIS,Local Law 11
240145142,Bronx,0,6/28/2016,3/11/2022,2081,8/4/2022,256,STEEL/WOOD,R,2092084,203,40.83407974243164,-73.9047622680664,1358,WASHINGTON AVENUE,2,02910,00001,ROMA SCAFFOLDING INC,1,BIS,Local Law 11
240145160,Bronx,0,6/28/2016,3/11/2022,2081,8/4/2022,256,STEEL/WOOD,R,2092085,203,40.83407974243164,-73.9047622680664,1372,WASHINGTON AVENUE,2,02910,00001,ROMA SCAFFOLDING INC,1,BIS,Local Law 11
240145614,Bronx,0,6/27/2016,3/11/2022,2082,8/4/2022,256,STEEL/WOOD,R,2093415,211,40.86201095581055,-73.85993957519531,975,WARING AVENUE,2,04444,00001,ROMA SCAFFOLDING INC,1,BIS,Local Law 11
240148434,Bronx,0,7/22/2016,3/11/2022,2057,8/4/2022,127,STEEL/WOOD,R,2092077,203,40.837120056152344,-73.9060287475586,1428,WEBSTER AVENUE,2,02895,00001,ROMA SCAFFOLDING INC,1,BIS,Local Law 11
240156674,Bronx,0,9/19/2016,3/11/2022,1998,2/10/2023,32,STEEL/WOOD,R,2093493,211,40.87030029296875,-73.85224914550781,1255,ADEE AVENUE,2,04581,00001,ROMA SCAFFOLDING INC,1,BIS,Local Law 11
240169848,Bronx,0,1/19/2017,3/11/2022,1876,9/30/2022,50,STEEL/WOOD,R,2002283,204,40.83015060424805,-73.91316223144531,1105,TELLER AVENUE,2,02434,00080,SKYWORX CONTRACTING INC,1,BIS,Construction or Maintenance
240169857,Bronx,0,1/19/2017,3/11/2022,1876,9/30/2022,34,STEEL/WOOD,R,2002280,204,40.83058166503906,-73.91290283203125,1129,TELLER AVENUE,2,02434,00074,SKYWORX CONTRACTING INC,1,BIS,Construction or Maintenance
240176019,Bronx,0,3/10/2017,3/11/2022,1826,6/15/2022,144,WOOD/STEEL,R,2012677,206,40.84733963012695,-73.8883285522461,2075,CLINTON AVENUE,2,03095,00045,COLGATE ENTERPRISE CORP,1,BIS,Construction or Maintenance
240177367,Bronx,0,3/29/2017,3/11/2022,1807,10/21/2022,110,WOOD / STEEL,R,2007706,205,40.84939956665039,-73.90406799316406,240,ECHO PLACE,2,02809,00022,PLATINUM SERVICES NY LLC,1,BIS,Local Law 11
240177553,Bronx,0,3/23/2017,3/11/2022,1813,5/11/2022,50,STEEL/WOOD,R,2002893,204,40.83277893066406,-73.92017364501953,1125,GRAND CONCOURSE,2,02472,00034,SASCO BUILDERS INC,1,BIS,Construction or Maintenance
240177839,Bronx,0,3/27/2017,3/11/2022,1809,4/9/2022,328,STEEL/WOOD,R,2002944,204,40.83211898803711,-73.92192077636719,1068,GERARD AVENUE,2,02478,00007,PARSONS CONSTRUCTION INC,1,BIS,Local Law 11
240178981,Bronx,0,4/7/2017,3/11/2022,1798,7/23/2022,287,STEEL/WOOD,R,2002784,204,40.82299041748047,-73.92413330078125,750,GRAND CONCOURSE,2,02458,00026,TRIERA CONTRACTING INC,1,BIS,Local Law 11
240180004,Bronx,0,4/17/2017,3/11/2022,1788,7/19/2022,222,STEEL/WOOD,R,2092431,207,40.86458969116211,-73.90776062011719,2391,WEBB AVENUE,2,03226,00053,EMPIRE NY INSTALLATIONS I,1,BIS,Local Law 11
240180086,Bronx,0,4/17/2017,3/11/2022,1788,7/19/2022,84,STEEL/WOOD,R,2092436,207,40.86458969116211,-73.90776062011719,2421,WEBB AVENUE,2,03226,00053,EMPIRE NY INSTALLATIONS I,1,BIS,Local Law 11
240180095,Bronx,0,4/17/2017,3/11/2022,1788,7/19/2022,382,STEEL/WOOD,R,2092435,207,40.86458969116211,-73.90776062011719,2411,WEBB AVENUE,2,03226,00053,EMPIRE NY INSTALLATIONS I,1,BIS,Local Law 11
240181076,Bronx,0,6/6/2017,3/11/2022,1738,6/8/2022,306,WOOD AND STEEL,R,2009911,206,40.845699310302734,-73.89275360107422,1918,ARTHUR AVENUE,2,02947,00018,AAA WINDOWS & DOORS CORP,1,BIS,Local Law 11
240193606,Bronx,0,8/11/2017,3/11/2022,1672,9/30/2022,614,STEEL/WOOD,R,2002141,204,40.83002853393555,-73.91261291503906,1100,TELLER AVENUE,2,02429,00001,SKYWORX CONTRACTING INC,1,BIS,Local Law 11
240195089,Bronx,0,8/21/2017,3/11/2022,1662,4/16/2022,429,METAL & WOOD,R,2092789,209,40.826171875,-73.8695068359375,1050,SOUNDVIEW AVENUE,2,03723,00001,ADAM'S EUROPEAN CONTRACTI,1,BIS,Local Law 11
240195098,Bronx,0,8/21/2017,3/11/2022,1662,4/16/2022,437,METAL & WOOD,R,2092791,209,40.826171875,-73.8695068359375,1670,WATSON AVENUE,2,03723,00001,ADAM'S EUROPEAN CONTRACTI,1,BIS,Local Law 11
240195105,Bronx,0,8/21/2017,3/11/2022,1662,4/16/2022,399,METAL & WOOD,R,2092792,209,40.826171875,-73.8695068359375,1690,WATSON AVENUE,2,03723,00001,ADAM'S EUROPEAN CONTRACTI,1,BIS,Local Law 11
240195114,Bronx,0,8/21/2017,3/11/2022,1662,4/16/2022,263,METAL & WOOD,R,2092794,209,40.826171875,-73.8695068359375,1730,WATSON AVENUE,2,03723,00001,ADAM'S EUROPEAN CONTRACTI,1,BIS,Local Law 11
240195123,Bronx,0,8/21/2017,3/11/2022,1662,4/16/2022,370,METAL & WOOD,R,2092806,209,40.826820373535156,-73.86416625976562,1801,BRUCKNER BOULEVARD,2,03730,00001,ADAM'S EUROPEAN CONTRACTI,1,BIS,Local Law 11
240195132,Bronx,0,8/21/2017,3/11/2022,1662,4/16/2022,393,METAL & WOOD,R,2092807,209,40.826820373535156,-73.86416625976562,1060,BEACH AVENUE,2,03730,00001,ADAM'S EUROPEAN CONTRACTI,1,BIS,Local Law 11
240195141,Bronx,0,8/21/2017,3/11/2022,1662,4/16/2022,306,METAL & WOOD,R,2092808,209,40.826820373535156,-73.86416625976562,1815,BRUCKNER BOULEVARD,2,03730,00001,ADAM'S EUROPEAN CONTRACTI,1,BIS,Local Law 11
240195150,Bronx,0,8/21/2017,3/11/2022,1662,4/16/2022,365,METAL & WOOD,R,2092811,209,40.826820373535156,-73.86416625976562,1825,BRUCKNER BOULEVARD,2,03730,00001,ADAM'S EUROPEAN CONTRACTI,1,BIS,Local Law 11
240201526,Bronx,0,10/11/2017,3/11/2022,1611,9/3/2022,325,STEEL/WOOD,R,2086320,208,40.90821075439453,-73.90548706054688,5800,ARLINGTON AVENUE,2,05953,00230,AMSTERDAM RESTORATION LLC,1,BIS,Local Law 11
302573445,Brooklyn,0,2/22/2017,3/11/2022,1842,2/22/2023,1232,METAL & WOOD,R,3154775,310,40.618080139160156,-74.02850341796875,9025,5 AVENUE,3,06088,00001,WHITESTONE CONSTRUCTION C,1,BIS,Construction or Maintenance
302574765,Brooklyn,0,10/20/2017,3/11/2022,1602,10/12/2022,1402,METAL & WOOD,R,3136085,312,40.64065933227539,-73.99320983886719,4305,FT HAMILTON PKWAY,3,05603,00001,PJP INSTALLERS INC,1,BIS,Construction or Maintenance
320254817,Brooklyn,0,1/5/2011,3/11/2022,4082,3/24/2022,125,TIMBER,R,3327720,309,40.65663146972656,-73.94415283203125,604,WINTHROP STREET,3,04829,00001,PICCO CONSTRUCTION LLC,0,BIS,Local Law 11
320254826,Brooklyn,0,1/5/2011,3/11/2022,4082,6/2/2022,125,TIMBER,R,3327719,309,40.65663146972656,-73.94415283203125,444,WINTHROP STREET,3,04829,00001,PJP INSTALLERS INC,0,BIS,Construction or Maintenance
320330405,Brooklyn,0,7/27/2011,3/11/2022,3879,5/12/2022,30,WOOD AND METAL,R,3032805,308,40.6699104309082,-73.94187927246094,287,KINGSTON AVENUE,3,01265,00006,N & J HOME IMPROVEMNT COR,1,BIS,Construction or Maintenance
320522172,Brooklyn,0,8/22/2012,3/11/2022,3487,11/16/2022,491,WOOD / STEEL,R,3107446,309,40.65766906738281,-73.94705963134766,665,NEW YORK AVENUE,3,04820,00001,PLATINUM SERVICES NY LLC,1,BIS,Construction or Maintenance
321160729,Brooklyn,0,7/31/2014,3/11/2022,2779,4/14/2022,42,WOOD / STEEL,R,3336876,307,40.65904998779297,-73.99622344970703,751,   5 AVENUE,3,00655,00033,PJP INSTALLERS INC,1,BIS,Construction or Maintenance
321237853,Brooklyn,0,9/17/2015,3/11/2022,2366,9/3/2022,85,STEEL AND WOOD,R,3001898,302,40.697181701660156,-73.99244689941406,1,MONROE PLACE,3,00237,00043,SPRING SCAFFOLDING LLC,1,BIS,Construction or Maintenance
321298387,Brooklyn,0,1/14/2016,3/11/2022,2247,12/2/2022,300,WOOD & STEEL,R,3000370,302,40.690399169921875,-73.98239135742188,9,DE KALB AVENUE,3,00149,00100,S&E BRIDGE & SCAFFOLD LLC,1,BIS,Construction or Maintenance
321400872,Brooklyn,0,8/10/2016,3/11/2022,2038,4/29/2022,80,WOOD AND STEEL,R,3063244,301,40.712989807128906,-73.96558380126953,61,SOUTH    4 STREET,3,02429,00036,LAKHI GENERAL CONTRACTOR,1,BIS,Construction or Maintenance
321537271,Brooklyn,0,3/7/2017,3/11/2022,1829,7/29/2022,188,STEEL/WOOD,R,3127911,314,40.630950927734375,-73.9722900390625,706,OCEAN PARKWAY,3,05423,00047,PARSONS CONSTRUCTION INC,1,BIS,Construction or Maintenance
340237087,Brooklyn,0,3/9/2015,3/11/2022,2558,9/22/2022,295,STEEL/WOOD,R,3070234,301,40.71574020385742,-73.93934631347656,84,MASPETH AVENUE,3,02907,07501,EMPIRE NY INSTALLATIONS I,1,BIS,Construction or Maintenance
340248191,Brooklyn,0,4/14/2015,3/11/2022,2522,4/13/2022,1080,STEEL AND WOOD,R,3338422,301,40.70458984375,-73.94529724121094,79,MANHATTAN AVENUE,3,03078,00001,SPRING SCAFFOLDING LLC,1,BIS,Local Law 11
340248235,Brooklyn,0,4/15/2015,3/11/2022,2521,4/13/2022,1262,STEEL AND WOOD,R,3338415,301,40.70606994628906,-73.94898223876953,25,BOERUM STREET,3,03058,00001,SPRING SCAFFOLDING LLC,1,BIS,Local Law 11
340250702,Brooklyn,0,4/22/2015,3/11/2022,2514,4/13/2022,1167,STEEL AND WOOD,R,3071200,301,40.70610809326172,-73.94554901123047,93,MANHATTAN AVENUE,3,03060,00075,SPRING SCAFFOLDING LLC,1,BIS,Local Law 11
340250711,Brooklyn,0,4/22/2015,3/11/2022,2514,4/13/2022,942,STEEL AND WOOD,R,3327972,301,40.70454025268555,-73.94689178466797,29,LEONARD STREET,3,03077,00001,SPRING SCAFFOLDING LLC,1,BIS,Local Law 11
340250720,Brooklyn,0,4/22/2015,3/11/2022,2514,4/13/2022,1460,STEEL AND WOOD,R,3338423,301,40.70458984375,-73.94529724121094,13,MOORE STREET,3,03078,00001,SPRING SCAFFOLDING LLC,1,BIS,Local Law 11
340279816,Brooklyn,0,7/13/2015,3/11/2022,2432,3/8/2023,359,STEEL/WOOD,R,3120574,314,40.636390686035156,-73.95889282226562,1054,OCEAN AVENUE,3,05219,00029,INTERSYSTEM INSTALLATION,1,BIS,Local Law 11
340297057,Brooklyn,0,8/28/2015,3/11/2022,2386,8/13/2022,62,STEEL/WOOD,R,3029312,308,40.675048828125,-73.96888732910156,50,PLAZA STREET EAST,3,01170,00001,EVEREST SCAFFOLDING INC,1,BIS,Local Law 11
340298902,Brooklyn,0,9/8/2015,3/11/2022,2375,7/1/2022,35,METAL AND WOOD,R,3079120,304,40.69295883178711,-73.9065933227539,316,ELDERT STREET,3,03419,00017,PHOENIX SUTTON STR INC,1,BIS,Construction or Maintenance
340302602,Brooklyn,0,9/21/2015,3/11/2022,2362,1/13/2023,72,STEEL/WOOD,R,3257039,302,40.694580078125,-73.98113250732422,162,NAVY WALK,3,02050,00001,SKYWORX CONTRACTING INC,1,BIS,Local Law 11
340302611,Brooklyn,0,9/21/2015,3/11/2022,2362,1/13/2023,40,STEEL/WOOD,R,3257046,302,40.694580078125,-73.98113250732422,5,FLEET WALK,3,02050,00001,SKYWORX CONTRACTING INC,1,BIS,Local Law 11
340305039,Brooklyn,0,9/23/2015,3/11/2022,2360,12/14/2022,40,STEEL/WOOD,R,3321407,318,40.65045166015625,-73.89610290527344,10602,FARRAGUT ROAD,3,08174,00001,SKYWORX CONTRACTING INC,1,BIS,Local Law 11
340305048,Brooklyn,0,9/23/2015,3/11/2022,2360,12/14/2022,40,STEEL/WOOD,R,3321408,318,40.65045166015625,-73.89610290527344,10622,FARRAGUT ROAD,3,08174,00001,SKYWORX CONTRACTING INC,1,BIS,Local Law 11
340305066,Brooklyn,0,9/23/2015,3/11/2022,2360,12/14/2022,80,STEEL/WOOD,R,3321409,318,40.65045166015625,-73.89610290527344,620,EAST  108 STREET,3,08174,00001,SKYWORX CONTRACTING INC,1,BIS,Local Law 11
340305075,Brooklyn,0,9/23/2015,3/11/2022,2360,12/14/2022,40,STEEL/WOOD,R,3331294,318,40.65250015258789,-73.89508056640625,543,EAST  108 STREET,3,08158,00001,SKYWORX CONTRACTING INC,1,BIS,Local Law 11
340305084,Brooklyn,0,9/23/2015,3/11/2022,2360,11/23/2022,184,STEEL/WOOD,R,3321517,318,40.64781188964844,-73.8962631225586,719,EAST  103 STREET,3,08191,00001,SKYWORX CONTRACTING INC,1,BIS,Local Law 11
340305100,Brooklyn,0,9/23/2015,3/11/2022,2360,11/23/2022,426,STEEL/WOOD,R,3321516,318,40.64781188964844,-73.8962631225586,10406,GLENWOOD ROAD,3,08191,00001,SKYWORX CONTRACTING INC,1,BIS,Local Law 11
340307153,Brooklyn,0,9/30/2015,3/11/2022,2353,12/14/2022,114,STEEL/WOOD,R,3331298,318,40.65250015258789,-73.89508056640625,617,EAST  108 STREET,3,08158,00001,SKYWORX CONTRACTING INC,1,BIS,Local Law 11
340307162,Brooklyn,0,9/30/2015,3/11/2022,2353,12/14/2022,128,STEEL/WOOD,R,3331297,318,40.65250015258789,-73.89508056640625,567,EAST  108 STREET,3,08158,00001,SKYWORX CONTRACTING INC,1,BIS,Local Law 11
340307171,Brooklyn,0,9/30/2015,3/11/2022,2353,12/14/2022,72,STEEL/WOOD,R,3331291,318,40.65250015258789,-73.89508056640625,254,STANLEY AVENUE,3,08158,00001,SKYWORX CONTRACTING INC,1,BIS,Local Law 11
340316330,Brooklyn,0,10/21/2015,3/11/2022,2332,3/1/2023,116,STEEL/WOOD,R,3042730,316,40.67705154418945,-73.90631866455078,1424,HERKIMER STREET,3,01572,00018,POWERS BRIDGING & SCAFFOL,1,BIS,Construction or Maintenance
340318926,Brooklyn,0,10/27/2015,3/11/2022,2326,11/8/2022,250,STEEL/WOOD,R,3128143,314,40.63151168823242,-73.96964263916016,250,PARKVILLE AVENUE,3,05428,00031,POWERS BRIDGING & SCAFFOL,1,BIS,Construction or Maintenance
340321716,Brooklyn,0,11/12/2015,3/11/2022,2310,12/1/2022,495,STEEL/WOOD,R,3321866,303,40.689788818359375,-73.95865631103516,448,DEKALB AVE,3,01938,00001,SKYWORX CONTRACTING INC,1,BIS,Local Law 11
340325936,Brooklyn,0,11/20/2015,3/11/2022,2302,12/1/2022,249,STEEL/WOOD,R,3321871,303,40.689788818359375,-73.95865631103516,325,CLASSON AVE,3,01938,00001,SKYWORX CONTRACTING INC,1,BIS,Local Law 11
340325945,Brooklyn,0,11/16/2015,3/11/2022,2306,12/1/2022,223,STEEL/WOOD,R,3339158,303,40.689788818359375,-73.95865631103516,411,LAFAYETTE AVE,3,01938,00001,SKYWORX CONTRACTING INC,1,BIS,Local Law 11
340326999,Brooklyn,0,11/18/2015,3/11/2022,2304,11/23/2022,25,STEEL/WOOD,R,3054355,302,40.69480895996094,-73.9678726196289,99,WAVERLY AVENUE,3,01889,00022,SKYWORX CONTRACTING INC,1,BIS,Construction or Maintenance
340334784,Brooklyn,0,12/15/2015,3/11/2022,2277,3/1/2023,87,STEEL/WOOD,R,3334868,301,40.70798873901367,-73.96145629882812,344,ROEBLING STREET,3,02148,00027,CORE SCAFFOLD SYSTEMS INC,1,BIS,Construction or Maintenance
340354672,Brooklyn,0,2/29/2016,3/11/2022,2201,3/1/2023,912,STEEL/WOOD,R,3335257,302,40.69466018676758,-73.97469329833984,56,NORTH OXFORD WALK,3,02041,00001,SKYWORX CONTRACTING INC,1,BIS,Local Law 11
340361771,Brooklyn,0,3/29/2016,3/11/2022,2172,4/13/2022,557,STEEL/WOOD,R,3348343,316,40.671669006347656,-73.90927124023438,60,GLENMORE AVENUE,3,03489,00001,SKYWORX CONTRACTING INC,1,BIS,Local Law 11
340361780,Brooklyn,0,3/16/2016,3/11/2022,2185,4/1/2022,353,STEEL/WOOD,R,3339436,316,40.671669006347656,-73.90927124023438,61,THATFORD AVENUE,3,03489,00001,SKYWORX CONTRACTING INC,1,BIS,Local Law 11
340361799,Brooklyn,0,3/16/2016,3/11/2022,2185,4/1/2022,530,STEEL/WOOD,R,3339433,316,40.671669006347656,-73.90927124023438,1548,EAST NEW YORK AVENUE,3,03489,00001,SKYWORX CONTRACTING INC,1,BIS,Local Law 11
340382623,Brooklyn,0,5/18/2016,3/11/2022,2122,5/26/2022,72,WOOD/STEEL,R,3119523,314,40.64023971557617,-73.95762634277344,2101,DITMAS AVENUE,3,05185,00042,SILVERCUP SCFFLDNG I LLC,1,BIS,Construction or Maintenance
340418195,Brooklyn,0,9/6/2016,3/11/2022,2011,10/4/2022,100,WOOD/STEEL,R,3085916,305,40.6578483581543,-73.898193359375,1743,LINDEN BOULEVARD,3,03865,00053,COLGATE ENTERPRISE CORP,1,BIS,Construction or Maintenance
340421635,Brooklyn,0,9/13/2016,3/11/2022,2004,4/22/2022,30,METAL & WOOD,R,3139853,312,40.63719177246094,-74.0067367553711,824,  56 STREET,3,05686,00016,UNIVERSAL SYSTEMS INC,1,BIS,Construction or Maintenance
340431107,Brooklyn,0,10/12/2016,3/11/2022,1975,2/10/2023,589,STEEL/WOOD,R,3324696,316,40.68109130859375,-73.90807342529297,31,MOTHER GASTON BOULEVARD,3,01529,00001,ROMA SCAFFOLDING INC,1,BIS,Local Law 11
340458310,Brooklyn,0,12/28/2016,3/11/2022,1898,11/23/2022,126,STEEL/WOOD,R,3036568,308,40.67156982421875,-73.92838287353516,1521,STERLING PLACE,3,01373,00049,SKYWORX CONTRACTING INC,1,BIS,Construction or Maintenance
340460682,Brooklyn,0,1/30/2017,3/11/2022,1865,6/22/2022,25,METAL & WOOD,R,3399090,303,40.684268951416016,-73.91990661621094,766,MACON STREET,3,01497,00009,THIND BUILDERS NY INC,1,BIS,Construction or Maintenance
340461173,Brooklyn,0,1/12/2017,3/11/2022,1883,6/14/2022,30,METAL & WOOD,R,3032806,308,40.669960021972656,-73.94187927246094,285,KINGSTON AVENUE,3,01265,00007,N & J HOME IMPROVEMNT COR,1,BIS,Construction or Maintenance
340466463,Brooklyn,0,2/14/2017,3/11/2022,1850,2/10/2023,190,STEEL/WOOD,R,3346319,303,40.689788818359375,-73.95865631103516,470,DEKALB AVENUE,3,01938,00001,ROMA SCAFFOLDING INC,1,BIS,Local Law 11
340468265,Brooklyn,0,2/3/2017,3/11/2022,1861,6/22/2022,35,METAL & WOOD,R,3399379,303,40.68428039550781,-73.9198226928711,768,MACON STREET,3,01497,00010,THIND BUILDERS NY INC,1,BIS,Construction or Maintenance
340476354,Brooklyn,0,3/7/2017,3/11/2022,1829,3/19/2022,276,STEEL/WOOD,R,3328463,305,40.67298889160156,-73.89086151123047,2211,PITKIN AVENUE,3,03993,00001,SKYWORX CONTRACTING INC,1,BIS,Construction or Maintenance
340476372,Brooklyn,0,3/7/2017,3/11/2022,1829,3/19/2022,250,STEEL/WOOD,R,3328464,305,40.67298889160156,-73.89086151123047,2215,PITKIN AVENUE,3,03993,00001,SKYWORX CONTRACTING INC,1,BIS,Construction or Maintenance
340476416,Brooklyn,0,3/7/2017,3/11/2022,1829,3/19/2022,406,STEEL/WOOD,R,3328465,305,40.67298889160156,-73.89086151123047,294,VAN SICLEN AVENUE,3,03993,00001,SKYWORX CONTRACTING INC,1,BIS,Construction or Maintenance
340479075,Brooklyn,0,3/7/2017,3/11/2022,1829,3/19/2022,278,STEEL/WOOD,R,3336980,305,40.6726188659668,-73.89264678955078,261,WYONA STREET,3,03724,00029,SKYWORX CONTRACTING INC,1,BIS,Construction or Maintenance
340479084,Brooklyn,0,3/7/2017,3/11/2022,1829,3/19/2022,406,STEEL/WOOD,R,3336981,305,40.6726188659668,-73.89264678955078,2173,PITKIN AVENUE,3,03724,00029,SKYWORX CONTRACTING INC,1,BIS,Construction or Maintenance
340480474,Brooklyn,0,3/9/2017,3/11/2022,1827,3/19/2022,432,STEEL/WOOD,R,3327011,305,40.67287063598633,-73.8917465209961,330,MILLER AVENUE,3,03725,00001,SKYWORX CONTRACTING INC,1,BIS,Construction or Maintenance
340480508,Brooklyn,0,3/9/2017,3/11/2022,1827,3/19/2022,251,STEEL/WOOD,R,3327009,305,40.67287063598633,-73.8917465209961,320,MILLER AVENUE,3,03725,00001,SKYWORX CONTRACTING INC,1,BIS,Construction or Maintenance
340484577,Brooklyn,0,4/5/2017,3/11/2022,1800,10/8/2022,120,STEEL/WOOD,R,3426030,301,40.71406936645508,-73.95736694335938,13,HOPE STREET,3,02368,00001,ARSENAL SCAFFOLD INC,1,BIS,Construction or Maintenance
340485898,Brooklyn,0,3/27/2017,3/11/2022,1809,4/30/2022,25,STEEL/WOOD,R,3244690,313,40.57698059082031,-73.96575164794922,247,BRIGHTON BEACH AVENUE,3,08671,00936,PHOENIX SUTTON STR INC,1,BIS,Construction or Maintenance
340485923,Brooklyn,0,3/27/2017,3/11/2022,1809,4/30/2022,45,STEEL/WOOD,R,3244689,313,40.57699966430664,-73.96563720703125,249,BRIGHTON BEACH AVENUE,3,08671,00934,PHOENIX SUTTON STR INC,1,BIS,Construction or Maintenance
340492997,Brooklyn,0,4/13/2017,3/11/2022,1792,3/24/2022,120,STEEL/WOOD,R,3411833,305,40.682411193847656,-73.87854766845703,186,FORCE TUBE AVENUE,3,04124,00031,TRIERA CONTRACTING INC,1,BIS,Construction or Maintenance
340504412,Brooklyn,0,5/22/2017,3/11/2022,1753,8/25/2022,336,WOOD AND STEEL,R,3335251,302,40.69466018676758,-73.97469329833984,104,CARLTON AVENUE,3,02041,00001,ARC ELECTRICAL & MECH CON,1,BIS,Construction or Maintenance
340506456,Brooklyn,0,5/23/2017,3/11/2022,1752,6/17/2022,230,STEEL/WOOD,R,3337147,310,40.634029388427734,-74.03070068359375,160,  72 STREET,3,05906,00018,POWERS BRIDGING & SCAFFOL,1,BIS,Construction or Maintenance
340506553,Brooklyn,0,5/23/2017,3/11/2022,1752,6/17/2022,269,STEEL/WOOD,R,3337148,310,40.634029388427734,-74.03070068359375,170,  72 STREET,3,05906,00018,POWERS BRIDGING & SCAFFOL,1,BIS,Construction or Maintenance
340506562,Brooklyn,0,5/23/2017,3/11/2022,1752,6/17/2022,309,STEEL/WOOD,R,3337149,310,40.634029388427734,-74.03070068359375,180,  72 STREET,3,05906,00018,POWERS BRIDGING & SCAFFOL,1,BIS,Construction or Maintenance
340506571,Brooklyn,0,5/23/2017,3/11/2022,1752,6/17/2022,333,STEEL/WOOD,R,3337150,310,40.634029388427734,-74.03070068359375,190,  72 STREET,3,05906,00018,POWERS BRIDGING & SCAFFOL,1,BIS,Construction or Maintenance
340506599,Brooklyn,0,5/23/2017,3/11/2022,1752,6/17/2022,217,STEEL/WOOD,R,3337151,310,40.634029388427734,-74.03070068359375,181,  73 STREET,3,05906,00018,POWERS BRIDGING & SCAFFOL,1,BIS,Construction or Maintenance
340508196,Brooklyn,0,6/20/2017,3/11/2022,1724,8/25/2022,967,WOOD AND STEEL,R,3335245,302,40.693870544433594,-73.97689056396484,32,AUBURN PLACE,3,02040,00001,ARC ELECTRICAL & MECH CON,1,BIS,Local Law 11
340508855,Brooklyn,0,6/5/2017,3/11/2022,1739,4/29/2022,120,WOOD AND STEEL,R,3189607,313,40.575950622558594,-73.981689453125,1301,SURF AVENUE,3,07064,00016,LAKHI GENERAL CONTRACTOR,1,BIS,Local Law 11
340512065,Brooklyn,0,6/12/2017,3/11/2022,1732,6/4/2022,107,STEEL/WOOD,R,3116114,314,40.6519889831543,-73.96389770507812,36,CROOKE AVENUE,3,05060,00027,EVEREST SCAFFOLDING INC,1,BIS,Local Law 11
340529967,Brooklyn,0,8/4/2017,3/11/2022,1679,1/5/2023,60,STEEL & WOOD,R,3063017,301,40.71186065673828,-73.95671844482422,260,SOUTH    1 STREET,3,02409,00008,TOPLINE NYC CONTRACTING,1,BIS,Local Law 11
340537226,Brooklyn,0,10/16/2017,3/11/2022,1606,12/10/2022,105,WOOD/STEEL,R,3426694,306,40.675350189208984,-73.98406219482422,269,   4 AVENUE,3,00964,07508,PLATINUM SERVICES NY LLC,1,BIS,Construction or Maintenance
340540490,Brooklyn,0,9/6/2017,3/11/2022,1646,2/3/2023,55,STEEL/WOOD,R,3426053,301,40.72993087768555,-73.94371795654297,277,MONITOR STREET,3,02607,00006,PHOENIX SUTTON STR INC,1,BIS,Construction or Maintenance
340545921,Brooklyn,0,9/20/2017,3/11/2022,1632,11/3/2022,1949,STEEL/WOOD,R,3337265,313,40.58679962158203,-73.9843978881836,2475,WEST   16 STREET,3,06919,00001,PRATT CONSTRUCTION & RES*,1,BIS,Local Law 11
340551600,Brooklyn,0,10/6/2017,3/11/2022,1616,12/29/2022,1580,STEEL/WOOD,R,3337264,313,40.58679962158203,-73.9843978881836,2483,WEST 16 STREET,3,06919,00001,PRATT CONSTRUCTION & RES*,1,BIS,Local Law 11
340552912,Brooklyn,0,10/23/2017,3/11/2022,1599,10/7/2022,90,STEEL/WOOD,R,3324973,303,40.69355010986328,-73.93569946289062,109,LEWIS AVENUE,3,01598,00001,ROMA SCAFFOLDING INC,1,BIS,Local Law 11
340554402,Brooklyn,0,10/28/2017,3/11/2022,1594,11/1/2022,122,STEEL/WOOD,R,3099358,317,40.661869049072266,-73.92816925048828,955,RUTLAND ROAD,3,04594,00064,ROMA SCAFFOLDING INC,1,BIS,Local Law 11
420861767,Queens,0,6/24/2013,3/11/2022,3181,6/9/2022,35,STEEL/WOOD,R,4115096,407,40.753868103027344,-73.83087158203125,132-53,POPLE AVENUE,4,05102,00039,COLGATE ENTERPRISE CORP,1,BIS,Construction or Maintenance
420905159,Queens,0,10/23/2013,3/11/2022,3060,12/17/2022,500,WOOD & STEEL,R,4005066,402,40.75083923339844,-73.94206237792969,42-01,  23 STREET,4,00425,00005,DYNAMIC INSTALLATION CORP,1,BIS,Construction or Maintenance
421047147,Queens,0,3/7/2017,3/11/2022,1829,7/6/2022,425,WOOD AND STEEL,R,4029982,403,40.747920989990234,-73.88654327392578,37-51,79 STREET,4,01290,00049,RENNON CONSTRUCTION CORP,1,BIS,Construction or Maintenance
421049038,Queens,0,3/7/2017,3/11/2022,1829,7/6/2022,404,WOOD AND STEEL,R,4029970,403,40.74795913696289,-73.88616943359375,37-52,80 STREET,4,01290,00029,RENNON CONSTRUCTION CORP,1,BIS,Construction or Maintenance
421103415,Queens,0,12/1/2016,3/11/2022,1925,12/28/2022,16,METAL & WOOD,R,4188214,409,40.68191146850586,-73.8569564819336,82-01,101 AVENUE,4,09053,00014,CENTRAL MECHANICAL SYSTEM,1,BIS,Construction or Maintenance
421105976,Queens,0,1/11/2018,3/11/2022,1519,3/2/2023,600,METAL PIPE\WOOD,R,4298234,414,40.603939056396484,-73.74984741210938,10-45,NAMEOKE AVENUE,4,15557,00025,UNIVERSAL CONSTRUCTION RE,1,BIS,Construction or Maintenance
421106234,Queens,0,7/6/2017,3/11/2022,1708,4/19/2022,1123,STEEL/WOOD,R,4300730,414,40.60160827636719,-73.76394653320312,25-03,CORNAGA AVENUE,4,15736,00001,WHITESTONE CONSTRUCTION C,1,BIS,Construction or Maintenance
421106902,Queens,0,9/21/2017,3/11/2022,1631,9/30/2022,1416,METAL & WOOD,R,4164007,411,40.73802185058594,-73.75639343261719,75-25,BELL BOULEVARD,4,07753,00001,LO SARDO GENERAL CONTRACT,1,BIS,Construction or Maintenance
421190936,Queens,0,7/28/2015,3/11/2022,2417,3/24/2022,60,STEEL,R,4113208,407,40.7659912109375,-73.82048797607422,146-10,35 AVENUE,4,05004,00012,CONSOLIDATED SCAFFOLDING,1,BIS,Construction or Maintenance
421411644,Queens,0,12/15/2016,3/11/2022,1911,11/23/2022,105,STEEL AND WOOD,R,4537837,406,40.728851318359375,-73.85384368896484,99-31,  66 AVENUE,4,02116,07501,SOHO CONTRACTING CORP,1,BIS,Local Law 11
421463071,Queens,0,9/15/2020,3/11/2022,541,9/20/2022,75,WOOD & METAL,R,4020682,401,40.7761116027832,-73.93451690673828,26-19,   2 STREET,4,00914,00008,FAZIO CONSTRUCTION GROUP,0,BIS,Construction or Maintenance
440175828,Queens,0,10/10/2014,3/11/2022,2708,10/26/2022,248,WOOD/STEEL,R,4539358,404,40.7411994934082,-73.8778305053711,86-50,DONGAN AVENUE,4,01581,00026,CEPRINE CONSTRUCTION INC,1,BIS,Construction or Maintenance
440188048,Queens,0,12/3/2014,3/11/2022,2654,8/24/2022,80,STEEL AND WOOD,R,4030864,402,40.74338912963867,-73.91236877441406,43-21,52 STREET,4,01321,00016,SPRING SCAFFOLDING LLC,1,BIS,Construction or Maintenance
440247243,Queens,0,9/2/2015,3/11/2022,2381,3/17/2022,137,STEEL/WOOD,R,4141870,408,40.73630905151367,-73.81773376464844,65-30,KISSENA BOULEVARD,4,06517,00001,TRIERA CONTRACTING INC,1,BIS,Local Law 11
440252272,Queens,0,9/22/2015,3/11/2022,2361,11/19/2022,762,STEEL/WOOD,R,4439180,401,40.758148193359375,-73.94474029541016,38-28,   9 STREET,4,00476,00001,CORE SCAFFOLD SYSTEMS INC,1,BIS,Local Law 11
440279725,Queens,0,1/7/2016,3/11/2022,2254,2/28/2023,895,STEEL/WOOD,R,4440319,412,40.705448150634766,-73.80476379394531,150-01,  89 AVENUE,4,09695,00014,CORE SCAFFOLD SYSTEMS INC,1,BIS,Construction or Maintenance
440293889,Queens,0,3/17/2016,3/11/2022,2184,10/29/2022,256,STEEL/WOOD,R,4430989,401,40.75613021850586,-73.90973663330078,31-58,  51 STREET,4,00738,00050,ROMA SCAFFOLDING INC,1,BIS,Construction or Maintenance
440304804,Queens,0,4/20/2016,3/11/2022,2150,9/8/2022,767,STEEL/WOOD,R,4535114,407,40.75482940673828,-73.82337188720703,43-43,KISSENA BOULEVARD,4,05185,07501,METRO CONTRACTING NY  INC,1,BIS,Construction or Maintenance
440317417,Queens,0,6/13/2016,3/11/2022,2096,4/1/2022,41,STEEL/WOOD,R,4003676,402,40.73591995239258,-73.93446350097656,33-11,GREENPOINT AVENUE,4,00307,00049,TRIERA CONTRACTING INC,1,BIS,Construction or Maintenance
440352413,Queens,0,10/14/2016,3/11/2022,1973,9/13/2022,254,WOOD/STEEL,R,4213968,412,40.7011604309082,-73.8072509765625,90-75,SUTPHIN BOULEVARD,4,09994,00031,COLGATE ENTERPRISE CORP,1,BIS,Construction or Maintenance
440396457,Queens,0,4/21/2017,3/11/2022,1784,6/9/2022,551,WOOD AND STEEL,R,4207071,412,40.704498291015625,-73.80841827392578,88-11,SUTPHIN BOULEVARD,4,09691,00001,AAA WINDOWS & DOORS CORP,1,BIS,Local Law 11
440411476,Queens,0,6/13/2017,3/11/2022,1731,1/21/2023,170,STEEL/WOOD,R,4112123,407,40.76361083984375,-73.83209991455078,135-29,NORTHERN BOULEVARD,4,04958,00038,TRI BOROUGH SCAFFOLDING.&,1,BIS,Construction or Maintenance
440413170,Queens,0,6/27/2017,3/11/2022,1717,6/9/2022,77,WOOD/STEEL,R,4539484,402,40.74604034423828,-73.9548568725586,5-17,  47 AVENUE,4,00028,00121,CS BRIDGE CORP,1,BIS,Construction or Maintenance
440413189,Queens,0,6/21/2017,3/11/2022,1723,6/17/2022,268,WOOD/STEEL,R,4622994,407,40.7529296875,-73.82752990722656,134-50,BLOSSOM AVENUE,4,05124,00030,COLGATE ENTERPRISE CORP,1,BIS,Construction or Maintenance
440423604,Queens,0,8/1/2017,3/11/2022,1682,7/21/2022,523,STEEL/WOOD,R,4550186,402,40.746849060058594,-73.91748046875,46-01,SKILLMAN AVENUE,4,00149,00001,EVEREST SCAFFOLDING INC,1,BIS,Construction or Maintenance
440433425,Queens,0,9/18/2017,3/11/2022,1634,2/10/2023,60,STEEL/WOOD,R,4800517,401,40.75859832763672,-73.94023132324219,37-27,12 STREET,4,00362,00009,TRI BOROUGH SCAFFOLDING.&,1,BIS,Construction or Maintenance
500870140,Staten Island,0,9/9/2016,3/11/2022,2008,10/1/2022,40,WOOD + STEEL,R,5013955,501,40.620880126953125,-74.0770263671875,151,TOMPKINS AVENUE,5,00534,00075,MARIC PLUMBING & HEATING,1,BIS,Construction or Maintenance
520082044,Staten Island,0,11/1/2011,3/11/2022,3782,7/6/2022,82,WOOD AND STEEL,R,5013698,501,40.62799072265625,-74.07852935791016,70,BEACH STREET,5,00521,00115,CS BRIDGE CORP,1,BIS,Construction or Maintenance
520259087,Staten Island,0,1/28/2016,3/11/2022,2233,1/25/2023,80,WOOD & STEEL,R,5106863,501,40.6225700378418,-74.07560729980469,75,VANDERBILT AVENUE,5,00534,00001,SKYLINE SCAFFOLDING GROUP,1,BIS,Local Law 11
540090863,Staten Island,0,11/17/2015,3/11/2022,2305,9/7/2022,1056,METAL WOOD,R,5109580,502,40.57910919189453,-74.10743713378906,145,LINCOLN AVENUE,5,03585,07502,PHOENIX SUTTON STR INC,1,BIS,Local Law 11
103650185,Manhattan,0,5/15/2018,3/11/2022,1395,5/11/2022,0,METAL & WOOD,R,1026740,104,40.76591110229492,-73.98980712890625,426,WEST 53 STREET,1,01062,00003,ADAM'S EUROPEAN CONTRACTI,1,BIS SCA,Construction or Maintenance
103650719,Manhattan,0,10/25/2018,3/11/2022,1232,9/16/2022,0,METAL & WOOD,R,1051497,111,40.792301177978516,-73.95142364501953,5,EAST 103 STREET,1,01609,00007,WHITESTONE CONSTRUCTION C,1,BIS SCA,Construction or Maintenance
103651157,Manhattan,0,12/21/2018,3/11/2022,1175,10/21/2022,0,METAL & WOOD,R,1063947,112,40.85055923461914,-73.93396759033203,185,WADSWORTH AVENUE,1,02165,00026,POSITIVE ELEC ASSOC INC,1,BIS SCA,Construction or Maintenance
103651193,Manhattan,0,1/11/2019,3/11/2022,1154,12/23/2022,0,METAL & WOOD,R,1005626,103,40.722408294677734,-73.99047088623047,194,FORSYTH STREET,1,00422,00072,SKYWORX CONTRACTING INC,1,BIS SCA,Construction or Maintenance
103651898,Manhattan,0,5/22/2019,3/11/2022,1023,6/3/2022,0,METAL & WOOD,R,1013260,104,40.74419021606445,-74.00074768066406,314,WEST 21 STREET,1,00744,00024,ADAM'S EUROPEAN CONTRACTI,1,BIS SCA,Construction or Maintenance
103652192,Manhattan,0,9/19/2019,3/11/2022,903,9/10/2022,0,METAL & WOOD,R,1076751,112,40.85660934448242,-73.92598724365234,549,AUDOBON AVENUE,1,02160,00018,WHITESTONE CONSTRUCTION C,1,BIS SCA,Construction or Maintenance
104213637,Manhattan,0,8/28/2020,3/11/2022,559,8/30/2022,0,METAL & WOOD,R,1030196,107,40.78173828125,-73.97805786132812,138,WEST 78 STREET,1,01149,00007,ROMA SCAFFOLDING INC,1,BIS SCA,Construction or Maintenance
104213682,Manhattan,0,10/1/2020,3/11/2022,525,10/27/2022,0,METAL & WOOD,R,1003736,103,40.714351654052734,-73.9830322265625,287,HENRY STREET,1,00288,00015,WHITESTONE CONSTRUCTION C,1,BIS SCA,Construction or Maintenance
104213824,Manhattan,0,5/27/2020,3/11/2022,652,6/3/2022,0,METAL & WOOD,R,1055911,107,40.7971305847168,-73.96678161621094,132,WEST 102 STREET,1,01855,00009,IMPERIUM CONSTRUCTION INC,1,BIS SCA,Construction or Maintenance
201202947,Bronx,0,8/28/2019,3/11/2022,925,8/19/2022,0,METAL & WOOD,R,2008460,205,40.849369049072266,-73.91532897949219,1700,MACOMBS ROAD,2,02866,00070,PJP INSTALLERS INC,1,BIS SCA,Construction or Maintenance
201202992,Bronx,0,8/29/2019,3/11/2022,924,8/30/2022,0,METAL & WOOD,R,2080231,210,40.827030181884766,-73.82908630371094,2750,LAFAYETTE AVENUE,2,05547,00001,ADAM'S EUROPEAN CONTRACTI,1,BIS SCA,Construction or Maintenance
201203330,Bronx,0,10/21/2019,3/11/2022,871,9/16/2022,0,METAL & WOOD,R,2004548,201,40.813880920410156,-73.90836334228516,548,JACKSON AVENUE,2,02642,00001,WHITESTONE CONSTRUCTION C,1,BIS SCA,Construction or Maintenance
201203349,Bronx,0,11/19/2019,3/11/2022,842,10/22/2022,0,METAL & WOOD,R,2013561,205,40.85647964477539,-73.8988265991211,2252,RYER AVENUE,2,03150,00010,ROMA SCAFFOLDING INC,1,BIS SCA,Construction or Maintenance
201203410,Bronx,0,11/20/2019,3/11/2022,841,11/9/2022,0,METAL & WOOD,R,2004496,203,40.822288513183594,-73.90675354003906,890,CAULDWELL AVENUE,2,02631,00048,ADAM'S EUROPEAN CONTRACTI,1,BIS SCA,Construction or Maintenance
201203526,Bronx,0,11/21/2019,3/11/2022,840,12/28/2022,0,METAL & WOOD,R,2004496,203,40.822288513183594,-73.90675354003906,890,CAULDWELL AVENUE,2,02631,00048,EVERLAST SCAFFOLDING INC,1,BIS SCA,Construction or Maintenance
201204829,Bronx,0,6/17/2020,3/11/2022,631,6/23/2022,0,METAL & WOOD,R,2015241,207,40.86996841430664,-73.89701843261719,2780,RESERVOIR AVENUE,2,03247,00070,WHITESTONE CONSTRUCTION C,1,BIS SCA,Construction or Maintenance
240302007,Bronx,0,3/24/2021,3/11/2022,351,3/24/2022,0,STEEL AND WOOD,R,2093353,211,40.858558654785156,-73.86685943603516,2215,CRUGER AVE,2,04343,00001,TOTAL NY CONSTRUCTION COR,1,BIS SCA,Construction or Maintenance
302582337,Brooklyn,0,3/30/2018,3/11/2022,1441,4/14/2022,0,GALV STEEL,R,3076908,304,40.69643020629883,-73.9117431640625,374,IRVING AVENUE,3,03365,00098,PADILLA CONSTRUCTION SERV,1,BIS SCA,Construction or Maintenance
302582649,Brooklyn,0,5/8/2018,3/11/2022,1402,4/27/2022,0,METAL & WOOD,R,3152318,310,40.626808166503906,-74.03807830810547,8301,SHORE ROAD,3,06013,00001,ROMA SCAFFOLDING INC,1,BIS SCA,Construction or Maintenance
302583611,Brooklyn,0,7/12/2018,3/11/2022,1337,7/28/2022,0,METAL & WOOD,R,3071962,304,40.70235824584961,-73.92970275878906,271,MELROSE STREET,3,03157,00037,EVERLAST SCAFFOLDING INC,1,BIS SCA,Construction or Maintenance
302583844,Brooklyn,0,8/2/2018,3/11/2022,1316,8/13/2022,0,METAL & WOOD,R,3325733,301,40.7110481262207,-73.93900299072266,850,GRAND STREET,3,03016,00001,WHITESTONE CONSTRUCTION C,1,BIS SCA,Construction or Maintenance
302584601,Brooklyn,0,11/30/2018,3/11/2022,1196,12/28/2022,0,METAL & WOOD,R,3396829,311,40.60683822631836,-73.98673248291016,34,AVENUE P,3,06618,00001,SKYWORX CONTRACTING INC,1,BIS SCA,Construction or Maintenance
302585263,Brooklyn,0,1/16/2019,3/11/2022,1149,3/23/2022,0,METAL & WOOD,R,3030553,308,40.675899505615234,-73.93929290771484,128,ALBANY AVENUE,3,01216,00046,WHITESTONE CONSTRUCTION C,1,BIS SCA,Construction or Maintenance
302585584,Brooklyn,0,1/17/2019,3/11/2022,1148,10/1/2022,0,METAL & WOOD,R,3000216,302,40.69733810424805,-73.9845199584961,49,FLATBUSH AVENUE EXTENSION,3,00120,00020,ADAM'S EUROPEAN CONTRACTI,1,BIS SCA,Local Law 11
302585815,Brooklyn,0,2/22/2019,3/11/2022,1112,2/17/2023,0,METAL & WOOD,R,3058752,302,40.68891143798828,-73.97643280029297,1,FORT GREENE PLACE,3,02098,00013,ROMA SCAFFOLDING INC,1,BIS SCA,Local Law 11
302586618,Brooklyn,0,5/15/2019,3/11/2022,1030,5/13/2022,0,METAL & WOOD,R,3009847,307,40.65768051147461,-74.00019836425781,817,4 AVENUE,3,00669,00001,ADAM'S EUROPEAN CONTRACTI,1,BIS SCA,Construction or Maintenance
302586912,Brooklyn,0,5/28/2019,3/11/2022,1017,5/11/2022,0,METAL & WOOD,R,3000158,302,40.7017707824707,-73.9817123413086,209,YORK STREET,3,00056,00007,ADAM'S EUROPEAN CONTRACTI,1,BIS SCA,Construction or Maintenance
321068820,Brooklyn,0,9/23/2019,3/11/2022,899,9/17/2022,0,METAL & WOOD,R,3051641,303,40.68465042114258,-73.94788360595703,832,MARCY AVENUE,3,01823,00038,PJP INSTALLERS INC,1,BIS SCA,Construction or Maintenance
322048020,Brooklyn,0,11/22/2019,3/11/2022,839,11/8/2022,0,METAL & WOOD,R,3104598,317,40.64772033691406,-73.9222183227539,5702,TILDEN AVENUE,3,04742,00001,KEL-TECH CONSTRUCTION INC,1,BIS SCA,Construction or Maintenance
322048057,Brooklyn,0,10/25/2019,3/11/2022,867,9/16/2022,0,METAL & WOOD,R,3097334,305,40.65983963012695,-73.88996887207031,564,HEGEMAN AVENUE,3,04324,00001,WHITESTONE CONSTRUCTION C,1,BIS SCA,Construction or Maintenance
322048510,Brooklyn,0,11/20/2019,3/11/2022,841,11/9/2022,0,METAL & WOOD,R,3066698,301,40.7216911315918,-73.95320892333984,50,BEDFORD AVENUE,3,02670,00001,ADAM'S EUROPEAN CONTRACTI,1,BIS SCA,Construction or Maintenance
322048592,Brooklyn,0,11/26/2019,3/11/2022,835,12/16/2022,0,METAL & WOOD,R,3010580,307,40.65217971801758,-74.00762176513672,4002,   4 AVENUE,3,00713,00020,J & N CONSTRUCTION GROUP,1,BIS SCA,Construction or Maintenance
322048798,Brooklyn,0,1/24/2020,3/11/2022,776,3/22/2022,0,METAL & WOOD,R,3115866,309,40.656280517578125,-73.95381164550781,571,PARKSIDE AVENUE,3,05049,00055,ADAM'S EUROPEAN CONTRACTI,1,BIS SCA,Construction or Maintenance
322048921,Brooklyn,0,12/20/2019,3/11/2022,811,1/19/2023,0,METAL & WOOD,R,3021057,306,40.67237091064453,-73.98504638671875,364,   5 AVENUE,3,00981,00111,ADAM'S EUROPEAN CONTRACTI,1,BIS SCA,Construction or Maintenance
322050418,Brooklyn,0,2/18/2020,3/11/2022,751,2/22/2023,0,METAL & WOOD,R,3332865,302,40.685890197753906,-73.96589660644531,395,WAVERLY AVENUE,3,01962,00010,TRIANGLE ENTERPRISE NYC I,1,BIS SCA,Construction or Maintenance
322050472,Brooklyn,0,3/12/2020,3/11/2022,728,3/8/2023,0,METAL & WOOD,R,3083660,305,40.673770904541016,-73.89598083496094,143,PENNSYLVANIA AVENUE,3,03704,00001,ROMA SCAFFOLDING INC,1,BIS SCA,Construction or Maintenance
322050515,Brooklyn,0,2/25/2020,3/11/2022,744,4/6/2022,0,METAL & WOOD,R,3196293,313,40.582618713378906,-73.96869659423828,2800,OCEAN PARKWAY,3,07254,00001,KEL-TECH CONSTRUCTION INC,1,BIS SCA,Construction or Maintenance
322053219,Brooklyn,0,5/27/2020,3/11/2022,652,5/25/2022,0,METAL & WOOD,R,3157466,311,40.612239837646484,-73.98719787597656,7000,  21 AVENUE,3,06174,00036,PRIME CONTRACTORS  INC,1,BIS SCA,Construction or Maintenance
322053415,Brooklyn,0,12/15/2020,3/11/2022,450,12/13/2022,0,METAL & WOOD,R,3184034,315,40.604339599609375,-73.9558334350586,1866,EAST   17 STREET,3,06821,00123,WHITESTONE CONSTRUCTION C,1,BIS SCA,Construction or Maintenance
322053683,Brooklyn,0,3/28/2021,3/11/2022,347,3/10/2023,0,WOOD/ PIPE,R,3426619,307,40.65333938598633,-74.00215911865234,840,   5 AVENUE,3,00693,00039,AMCC CORP,1,BIS SCA,Construction or Maintenance
421100310,Queens,0,11/27/2018,3/11/2022,1199,10/18/2022,0,METAL & WOOD,R,4083519,405,40.71139144897461,-73.90480041503906,62-85,FOREST AVENUE,4,03492,00007,ADVANCED CONSTRUCTION EQU,1,BIS SCA,Construction or Maintenance
421100695,Queens,0,3/4/2019,3/11/2022,1102,6/10/2022,0,METAL & WOOD,R,4075214,406,40.72346115112305,-73.85162353515625,68-17,AUSTIN STREET,4,03172,00002,ADVANCED CONSTRUCTION EQU,1,BIS SCA,Construction or Maintenance
421101694,Queens,0,5/31/2019,3/11/2022,1014,6/2/2022,0,METAL & WOOD,R,4105232,407,40.78620147705078,-73.81733703613281,147-01,15 DRIVE,4,04647,00001,PJP INSTALLERS INC,1,BIS SCA,Construction or Maintenance
421102951,Queens,0,10/1/2019,3/11/2022,891,11/29/2022,0,METAL & WOOD,R,4202849,410,40.67829895019531,-73.83679962158203,101-08,ROCKAWAY BOULEVARD,4,09540,00002,TRIANGLE ENTERPRISE NYC I,1,BIS SCA,Construction or Maintenance
421898094,Queens,0,10/11/2019,3/11/2022,881,9/16/2022,0,METAL & WOOD,R,4247572,410,40.679080963134766,-73.83101654052734,108-02,109 AVENUE,4,11475,00011,ADAM'S EUROPEAN CONTRACTI,1,BIS SCA,Construction or Maintenance
421898174,Queens,0,9/30/2019,3/11/2022,892,10/7/2022,0,METAL & WOOD,R,4149078,408,40.73719024658203,-73.79450225830078,64-02,175 STREET,4,06903,00001,KEL-TECH CONSTRUCTION INC,1,BIS SCA,Construction or Maintenance
421898441,Queens,0,11/21/2019,3/11/2022,840,1/5/2023,0,WOOD & METAL,R,4619619,411,40.75226974487305,-73.75740051269531,221-15,  58 AVENUE,4,07529,00001,ARNELL CONSTRUCTION CORP,1,BIS SCA,Construction or Maintenance
421898600,Queens,0,11/22/2019,3/11/2022,839,11/8/2022,0,METAL & WOOD,R,4128231,411,40.74348068237305,-73.78740692138672,56-37,188 STREET,4,05674,00002,KEL-TECH CONSTRUCTION INC,1,BIS SCA,Construction or Maintenance
421898806,Queens,0,12/12/2019,3/11/2022,819,12/1/2022,0,METAL & WOOD,R,4253607,410,40.67502975463867,-73.81672668457031,121-10,ROCKAWAY BOULEVARD,4,11714,00100,KEL-TECH CONSTRUCTION INC,1,BIS SCA,Construction or Maintenance
421898904,Queens,0,1/22/2020,3/11/2022,778,1/26/2023,0,METAL & WOOD,R,4092660,405,40.705169677734375,-73.87507629394531,74-01,78 AVENUE,4,03812,00020,KEL-TECH CONSTRUCTION INC,1,BIS SCA,Construction or Maintenance
421898922,Queens,0,1/14/2020,3/11/2022,786,3/7/2023,0,METAL & WOOD,R,4116436,407,40.74951934814453,-73.82141876220703,46-21,COLDEN STREET,4,05147,00001,POSITIVE ELEC ASSOC INC,1,BIS SCA,Construction or Maintenance
421899137,Queens,0,2/18/2020,3/11/2022,751,1/18/2023,0,PLYWOOD/ PIPE,R,4000846,402,40.74974822998047,-73.91593170166016,38-04,48 STREET,4,00125,00010,NAVILLUS TILE INC,1,BIS SCA,Construction or Maintenance
500876563,Staten Island,0,11/20/2019,3/11/2022,841,12/6/2022,0,METAL & WOOD,R,5002227,501,40.63452911376953,-74.09799194335938,445,CASTLETON AVENUE,5,00100,00100,KEL-TECH CONSTRUCTION INC,1,BIS SCA,Construction or Maintenance
